id,atm,cell_tower
1,"E12A7FB9-9301-66C3-E040-A8C08F26360C","1513.10022"
2,"1843EF69-4A68-3F94-E050-A8C08D261F11","1513.10022"
3,"E12A7FB4-34A1-66C3-E040-A8C08F26360C","5957.15005"
4,"E866F887-7FF1-9DBE-E040-A8C08D26627F","5957.15005"
5,"E12A7FD2-F796-66C3-E040-A8C08F26360C","4193.15005"
6,"E12A7FBA-3C5C-66C3-E040-A8C08F26360C","500250.24303"
7,"1843EF69-5509-3F94-E050-A8C08D261F11","500250.24303"
8,"E12A7FC9-3030-66C3-E040-A8C08F26360C","1605.151"
9,"E12A7FC3-E26D-66C3-E040-A8C08F26360C","1605.151"
10,"E57901F0-8898-A2AD-E040-A8C08D264C56","113.61224"
11,"E7464F3B-8196-49FB-E040-A8C08D2637ED","501009.24303"
12,"1843EF69-4F90-3F94-E050-A8C08D261F11","501009.24303"
13,"E866F884-F7F5-9DBE-E040-A8C08D26627F","1480.61220"
14,"E12A7FCA-5CBC-66C3-E040-A8C08F26360C","26189.12020"
15,"36FB93FD-DEC6-39FA-E050-A8C08F260D8C","2010.15006"
16,"E7464F3C-6D6F-49FB-E040-A8C08D2637ED","1480.61220"
17,"412E4A0B-110F-DD8B-E050-A8C08F2621A0","1061.10014"
18,"ECD5F966-890D-8940-E040-A8C08F266C76","29072.12000"
19,"F611CF13-4161-ECE4-E040-A8C08D261807","113.61224"
20,"1843EF69-3BDB-3F94-E050-A8C08D261F11","564.151"
21,"E12A7FCB-B0E9-66C3-E040-A8C08F26360C","109.61228"
22,"ECD5F966-7E95-8940-E040-A8C08F266C76","1480.61220"
23,"0233BC38-947A-DAAA-E050-A8C08D262A4F","501878.24303"
24,"E57901FB-2E02-A2AD-E040-A8C08D264C56","1471.10059"
25,"E7464F3A-8321-49FB-E040-A8C08D2637ED","728.151"
26,"8A809258-E7DE-1F13-E050-020A3E74195D","29055.12032"
27,"97FD58AE-45DF-04AA-E050-020A3E740E52","29055.12032"
28,"27A32227-DEF0-735E-E050-A8C08F263AAB","1139.15011"
29,"E12A7FB2-21B5-66C3-E040-A8C08F26360C","501419.24673"
30,"E57901F3-3993-A2AD-E040-A8C08D264C56","1139.15011"
31,"63FBC5A0-5CE8-0DA3-E050-020A3E74710B","1139.15011"
32,"E5F6C033-2DFF-396C-E040-A8C08D2675C5","1139.15011"
33,"E866F883-09C9-9DBE-E040-A8C08D26627F","501473.10919"
34,"E866F885-BEB2-9DBE-E040-A8C08D26627F","26861.12036"
35,"E12A7FD7-83AD-66C3-E040-A8C08F26360C","107.61220"
36,"E12A7FCD-1F96-66C3-E040-A8C08F26360C","107.61220"
37,"E7464F39-1664-49FB-E040-A8C08D2637ED","26861.12036"
38,"E7464F3C-2DA9-49FB-E040-A8C08D2637ED","500027.24303"
39,"E7464F38-FA06-49FB-E040-A8C08D2637ED","500027.24303"
40,"E12A7FCB-9712-66C3-E040-A8C08F26360C","107.61220"
41,"0FBF99E7-D56A-64EC-E050-A8C08D2666BC","107.61220"
42,"E12A7FCA-A3DF-66C3-E040-A8C08F26360C","107.61220"
43,"E7464F39-AB9C-49FB-E040-A8C08D2637ED","102.61211"
44,"E12A7FC2-5227-66C3-E040-A8C08F26360C","1275.10015"
45,"92D856DE-7848-7151-E050-020A3E7461FC","1275.10015"
46,"244079D5-CEDC-BF7D-E050-A8C08D2674F9","1275.10015"
47,"0FBF99E8-4C17-64EC-E050-A8C08D2666BC","1275.10015"
48,"E866F882-F0D3-9DBE-E040-A8C08D26627F","501472.10919"
49,"325CCF32-FEB4-291C-E050-A8C08F263A2C","501472.10919"
50,"E12A7FBB-A5A5-66C3-E040-A8C08F26360C","107.61208"
51,"1843EF69-45FF-3F94-E050-A8C08D261F11","501472.10919"
52,"E5F6C031-AA3C-396C-E040-A8C08D2675C5","121.61220"
53,"1843EF69-4ABB-3F94-E050-A8C08D261F11","121.61220"
54,"E12A7FB3-A124-66C3-E040-A8C08F26360C","1281.61220"
55,"E12A7FCF-1477-66C3-E040-A8C08F26360C","2294.15012"
56,"E57901E8-6D95-A2AD-E040-A8C08D264C56","26499.12035"
57,"6775B1EE-6B1B-A4AE-E050-020A3E741CFB","27342.12035"
58,"60F6C048-8348-745A-E050-020A3E745EC3","27342.12035"
59,"E12A7FB2-5D66-66C3-E040-A8C08F26360C","3349.10013"
60,"6AAB16F2-D365-9E8C-E050-020A3E747017","3915.15011"
61,"6DA89E0E-94F9-AC17-E050-020A3E746A82","27342.12035"
62,"E12A7FBE-06B6-66C3-E040-A8C08F26360C","27342.12035"
63,"E93CDD2A-52C9-6630-E040-A8C08D263FB4","3349.10013"
64,"1843EF69-345E-3F94-E050-A8C08D261F11","27342.12035"
65,"1843EF69-3BC3-3F94-E050-A8C08D261F11","27342.12035"
66,"E866F882-12FC-9DBE-E040-A8C08D26627F","27342.12035"
67,"F611CF13-48B3-ECE4-E040-A8C08D261807","27342.12035"
68,"E12A7FC5-1331-66C3-E040-A8C08F26360C","1136.15012"
69,"F3E37DCE-683D-88B6-E040-A8C08F262296","1290.61229"
70,"E7464F3D-C3D5-49FB-E040-A8C08D2637ED","1290.61229"
71,"E7464F3C-4DE7-49FB-E040-A8C08D2637ED","1290.61229"
72,"ECD5F966-888E-8940-E040-A8C08F266C76","1569.61211"
73,"92D856DE-778D-7151-E050-020A3E7461FC","1983.151"
74,"E12A7FB1-4D4B-66C3-E040-A8C08F26360C","1983.151"
75,"E12A7FCC-83E7-66C3-E040-A8C08F26360C","1983.151"
76,"68BF983A-4C78-21CC-E050-020A3E74748B","1983.151"
77,"E12A7FCD-6413-66C3-E040-A8C08F26360C","26242.12047"
78,"E866F881-E14A-9DBE-E040-A8C08D26627F","26242.12047"
79,"288B6077-4A49-597B-E050-A8C08F267FC2","27347.12035"
80,"6AAB16F3-0BFA-9E8C-E050-020A3E747017","360.15011"
81,"36D5247F-A4FA-74B0-E050-A8C08F264F36","26642.12032"
82,"01E6EF7E-0D38-4163-E050-A8C08F262F6E","27347.12035"
83,"E12A7FD3-9AE9-66C3-E040-A8C08F26360C","360.15011"
84,"288B6074-910F-597B-E050-A8C08F267FC2","360.15011"
85,"F2DA8365-88B1-F859-E040-A8C08F260433","501229.24675"
86,"36FB93FE-0D1C-39FA-E050-A8C08F260D8C","27347.12035"
87,"369C7063-880B-B77D-E050-A8C08F26337D","27347.12035"
88,"E7464F39-B245-49FB-E040-A8C08D2637ED","360.15011"
89,"E12A7FC6-BA87-66C3-E040-A8C08F26360C","1249.61208"
90,"E7464F39-A93C-49FB-E040-A8C08D2637ED","501474.24674"
91,"36FB93FD-E8AA-39FA-E050-A8C08F260D8C","2180.15011"
92,"E57901F3-AC10-A2AD-E040-A8C08D264C56","2180.15011"
93,"E12A7FBE-0453-66C3-E040-A8C08F26360C","2506.15011"
94,"E12A7FB9-5BEA-66C3-E040-A8C08F26360C","500011.24674"
95,"E12A7FCE-19B9-66C3-E040-A8C08F26360C","500011.24674"
96,"E12A7FB0-FF13-66C3-E040-A8C08F26360C","28974.12035"
97,"37216B2B-1EA6-CD98-E050-A8C08F264F0B","2506.15011"
98,"E12A7FB8-38B4-66C3-E040-A8C08F26360C","28974.12035"
99,"E12A7FD6-1D80-66C3-E040-A8C08F26360C","1305.15011"
100,"09AEECEB-CA7A-6451-E050-A8C08F2674B4","4327.15011"
101,"E12A7FCE-652B-66C3-E040-A8C08F26360C","501479.10919"
102,"E12A7FCA-895B-66C3-E040-A8C08F26360C","1305.15011"
103,"1843EF69-4681-3F94-E050-A8C08D261F11","1305.15011"
104,"946B616A-0BDB-E4A6-E050-020A3E74763F","1305.15011"
105,"E57901FB-9017-A2AD-E040-A8C08D264C56","4327.15011"
106,"E12A7FD4-9D08-66C3-E040-A8C08F26360C","1305.15011"
107,"FAE78E55-74E2-0B73-E040-A8C08D266CCB","1305.15011"
108,"EE5F2AC4-40BD-4C5F-E040-A8C08F267B64","501907.24674"
109,"900C9659-3DAE-A5E9-E050-020A3E74193A","501909.24674"
110,"3EE5D0C5-A194-B99E-E050-A8C08F265445","5412.15001"
111,"E12A7FBD-C666-66C3-E040-A8C08F26360C","1282.61229"
112,"E12A7FB1-6B41-66C3-E040-A8C08F26360C","5412.15001"
113,"6AAB16F3-4F0A-9E8C-E050-020A3E747017","5412.15001"
114,"E12A7FCA-B95A-66C3-E040-A8C08F26360C","28574.12002"
115,"E866F887-65CF-9DBE-E040-A8C08D26627F","28574.12002"
116,"13B4C60F-B552-4049-E050-A8C08D2610FD","4022.15013"
117,"3B4723DE-94A2-3D7B-E050-A8C08D262F2B","4022.15013"
118,"F021CC22-C932-F12E-E040-A8C08F267FE1","4022.15013"
119,"E12A7FBB-2C56-66C3-E040-A8C08F26360C","1544.61229"
120,"E12A7FCE-EC5D-66C3-E040-A8C08F26360C","28498.12035"
121,"E57901F4-CCAB-A2AD-E040-A8C08D264C56","1544.61229"
122,"E57901F0-F8F5-A2AD-E040-A8C08D264C56","1544.61229"
123,"E12A7FB0-2D48-66C3-E040-A8C08F26360C","29108.12035"
124,"21C4515A-640D-9271-E050-A8C08D265321","501199.24270"
125,"E12A7FCB-52A9-66C3-E040-A8C08F26360C","501199.24270"
126,"2F188176-5432-0322-E050-A8C08D260A59","501199.24270"
127,"E8CB30B7-48F8-8670-E040-A8C08D260279","4870.15011"
128,"E866F882-12FA-9DBE-E040-A8C08D26627F","4870.15011"
129,"E12A7FD2-A8EB-66C3-E040-A8C08F26360C","1468.61208"
130,"E7464F3B-61B9-49FB-E040-A8C08D2637ED","1468.61232"
131,"E12A7FD1-3C09-66C3-E040-A8C08F26360C","573.147"
132,"E12A7FB2-12EF-66C3-E040-A8C08F26360C","500201.24676"
133,"E12A7FCB-B350-66C3-E040-A8C08F26360C","573.147"
134,"53A87141-1181-E8F3-E050-1AACBE0619A3","1468.61208"
135,"1843EF69-3470-3F94-E050-A8C08D261F11","501880.24675"
136,"E12A7FD0-530F-66C3-E040-A8C08F26360C","1468.61208"
137,"E57901EF-D692-A2AD-E040-A8C08D264C56","4926.10013"
138,"1843EF69-3F42-3F94-E050-A8C08D261F11","6405.15011"
139,"88427720-0A92-1435-E050-020A3E745944","501880.24675"
140,"E866F886-E8A0-9DBE-E040-A8C08D26627F","26654.12035"
141,"E12A7FBD-D570-66C3-E040-A8C08F26360C","501199.24270"
142,"7CE9D03E-F01F-3D36-E050-020A3E743131","29133.12000"
143,"EFBD0DEA-F9E2-2A22-E040-A8C08F26242C","251.15001"
144,"2F463B75-6C63-8776-E050-A8C08D2672C6","1345.61225"
145,"3B4723DE-5CB2-3D7B-E050-A8C08D262F2B","4191.15011"
146,"180FDF78-1BCE-1BF7-E050-A8C08F2649EC","4191.15011"
147,"12AA8AE6-3879-C412-E050-A8C08F2676A2","29079.12034"
148,"18D5D2ED-C25C-3DA0-E050-A8C08F267C96","4191.15011"
149,"0233BC38-9E83-DAAA-E050-A8C08D262A4F","4191.15011"
150,"E57901EA-4192-A2AD-E040-A8C08D264C56","1345.61225"
151,"E12A7FC5-6F61-66C3-E040-A8C08F26360C","4191.15011"
152,"E12A7FC0-2BD4-66C3-E040-A8C08F26360C","4191.15011"
153,"E8CB30B8-003C-8670-E040-A8C08D260279","500159.10917"
154,"75017654-0833-92BF-E050-020A3E7465D8","4227.15014"
155,"587F2282-9DE5-E1A7-E050-1AACBE067A56","501865.10855"
156,"E12A7FBA-85F3-66C3-E040-A8C08F26360C","2255.10014"
157,"E12A7FC7-AAA8-66C3-E040-A8C08F26360C","29176.12035"
158,"E7464F3E-EBC2-49FB-E040-A8C08D2637ED","501068.10919"
159,"E5F6C030-3757-396C-E040-A8C08D2675C5","2246.15011"
160,"E12A7FBC-7A6D-66C3-E040-A8C08F26360C","500707.24676"
161,"E12A7FB5-4614-66C3-E040-A8C08F26360C","500707.24676"
162,"E2BD75AE-852B-D262-E040-A8C08F2631A6","500707.24676"
163,"E7464F3E-14A5-49FB-E040-A8C08D2637ED","500707.24676"
164,"E7464F3F-9956-49FB-E040-A8C08D2637ED","4327.15011"
165,"E866F886-3A45-9DBE-E040-A8C08D26627F","4327.15011"
166,"E12A7FC9-7C7F-66C3-E040-A8C08F26360C","501341.24271"
167,"ECD5F966-859E-8940-E040-A8C08F266C76","29258.12002"
168,"75017654-0752-92BF-E050-020A3E7465D8","29258.12002"
169,"4FA05439-6A65-3DF3-E050-1AACBE065D6C","29612.12035"
170,"E12A7FC7-BE17-66C3-E040-A8C08F26360C","29612.12035"
171,"E12A7FD1-8F50-66C3-E040-A8C08F26360C","29176.12035"
172,"E866F882-D867-9DBE-E040-A8C08D26627F","1329.15011"
173,"6AAB16F2-B7EE-9E8C-E050-020A3E747017","3683.147"
174,"E57901F7-7E59-A2AD-E040-A8C08D264C56","29612.12035"
175,"1843EF69-4169-3F94-E050-A8C08D261F11","29612.12035"
176,"ED4E3A07-C511-A980-E040-A8C08F266EDA","4021.15012"
177,"1FFDE4E8-840A-D788-E050-A8C08D266B4C","4328.15011"
178,"26E63E41-5956-1794-E050-A8C08F262329","4328.15011"
179,"E7464F39-AA1E-49FB-E040-A8C08D2637ED","26503.12036"
180,"1FB9D625-4E9A-8042-E050-A8C08F26572B","4328.15011"
181,"E12A7FCF-F925-66C3-E040-A8C08F26360C","4328.15011"
182,"EC2862CE-6704-DF5A-E040-A8C08D2639BC","29146.12046"
183,"3B4723DE-6936-3D7B-E050-A8C08D262F2B","1338.10021"
184,"E12A7FB1-9BB7-66C3-E040-A8C08F26360C","4298.15011"
185,"E866F882-4301-9DBE-E040-A8C08D26627F","1338.10021"
186,"596362BD-1A03-E46B-E050-1AACBE06082B","501416.24271"
187,"1843EF69-3456-3F94-E050-A8C08D261F11","1511.61229"
188,"1843EF69-34C7-3F94-E050-A8C08D261F11","6190.15014"
189,"E7464F3E-2C1D-49FB-E040-A8C08D2637ED","110.61220"
190,"E12A7FD5-8EB7-66C3-E040-A8C08F26360C","1346.61220"
191,"E7464F3A-B602-49FB-E040-A8C08D2637ED","1346.61220"
192,"E866F886-B738-9DBE-E040-A8C08D26627F","110.61220"
193,"3B4723DE-5862-3D7B-E050-A8C08D262F2B","5693.15012"
194,"E866F886-B737-9DBE-E040-A8C08D26627F","5693.15012"
195,"E12A7FD6-99AF-66C3-E040-A8C08F26360C","6292.15012"
196,"E7464F3D-1790-49FB-E040-A8C08D2637ED","6292.15012"
197,"6AAB16F2-9720-9E8C-E050-020A3E747017","6292.15012"
198,"E57901E6-DFA6-A2AD-E040-A8C08D264C56","1392.102"
199,"E7464F3D-F5DC-49FB-E040-A8C08D2637ED","1500.15014"
200,"E12A7FCA-7D8B-66C3-E040-A8C08F26360C","1500.15014"
201,"E12A7FCD-0A9E-66C3-E040-A8C08F26360C","651.151"
202,"36FB93FE-25B2-39FA-E050-A8C08F260D8C","492.152"
203,"1843EF69-43D3-3F94-E050-A8C08D261F11","500085.24676"
204,"180FDF78-1710-1BF7-E050-A8C08F2649EC","78.10013"
205,"E12A7FD6-6CCF-66C3-E040-A8C08F26360C","78.10013"
206,"E12A7FC4-C4D4-66C3-E040-A8C08F26360C","501869.24676"
207,"2BA7F1AF-90E8-0072-E050-A8C08D2665BC","78.10013"
208,"E57901EA-9647-A2AD-E040-A8C08D264C56","501869.24676"
209,"664E8CCA-BD9D-4259-E050-020A3E7477A2","27343.12035"
210,"E7464F3C-41AA-49FB-E040-A8C08D2637ED","29612.12035"
211,"3B4723DE-6521-3D7B-E050-A8C08D262F2B","29176.12035"
212,"FDF44A38-54D3-6B4D-E040-A8C08D264EE6","29176.12035"
213,"E57901FD-5731-A2AD-E040-A8C08D264C56","500085.24676"
214,"E866F884-7C53-9DBE-E040-A8C08D26627F","501869.24676"
215,"288B6077-1D4F-597B-E050-A8C08F267FC2","501869.24676"
216,"E12A7FC1-6B6C-66C3-E040-A8C08F26360C","1311.10015"
217,"E12A7FB0-2EA0-66C3-E040-A8C08F26360C","26888.12044"
218,"664E8CCA-B458-4259-E050-020A3E7477A2","1511.61229"
219,"E866F884-AE26-9DBE-E040-A8C08D26627F","1311.10015"
220,"E12A7FB5-6D39-66C3-E040-A8C08F26360C","2294.15012"
221,"E12A7FBD-8DCC-66C3-E040-A8C08F26360C","4443.15011"
222,"E12A7FB4-9999-66C3-E040-A8C08F26360C","4443.15011"
223,"E12A7FCD-2415-66C3-E040-A8C08F26360C","356.15011"
224,"E7464F3D-2D6B-49FB-E040-A8C08D2637ED","356.15011"
225,"029C9640-D24D-3F06-E050-A8C08F2672D0","356.15011"
226,"E5F6C032-F467-396C-E040-A8C08D2675C5","502103.24676"
227,"E12A7FB4-4EE4-66C3-E040-A8C08F26360C","356.15011"
228,"EC8C1DDC-6C22-BB1C-E040-A8C08F262F40","356.15011"
229,"E57901E7-02AF-A2AD-E040-A8C08D264C56","27958.12035"
230,"E12A7FBA-A3EA-66C3-E040-A8C08F26360C","2246.15011"
231,"8E4D5988-EF58-101D-E050-020A3E74370B","501478.24676"
232,"2240BA96-080D-92DE-E050-A8C08F261A37","501478.24676"
233,"511DDFD6-7974-5FB3-E050-1AACBE062CC3","2246.15011"
234,"E12A7FB0-1E35-66C3-E040-A8C08F26360C","27351.12035"
235,"E7464F3C-2ED3-49FB-E040-A8C08D2637ED","27351.12035"
236,"E7464F3F-54F8-49FB-E040-A8C08D2637ED","27351.12035"
237,"E12A7FCE-F460-66C3-E040-A8C08F26360C","27351.12035"
238,"E7464F3C-5B46-49FB-E040-A8C08D2637ED","27351.12035"
239,"E12A7FBE-8D31-66C3-E040-A8C08F26360C","29140.12032"
240,"E12A7FCF-3ADD-66C3-E040-A8C08F26360C","27345.12035"
241,"6BAB7569-3A42-2E77-E050-020A3E744C90","20156.12035"
242,"71313C1B-1018-38D6-E050-020A3E746341","501477.24675"
243,"6BAB7569-3BCB-2E77-E050-020A3E744C90","27345.12035"
244,"1843EF69-43C3-3F94-E050-A8C08D261F11","4187.15011"
245,"E12A7FBD-FDE5-66C3-E040-A8C08F26360C","1503.15011"
246,"50E4A43B-0297-4673-E050-1AACBE063672","1344.10013"
247,"E12A7FB6-F7B8-66C3-E040-A8C08F26360C","1344.10013"
248,"36FB93FE-2897-39FA-E050-A8C08F260D8C","1344.10013"
249,"E12A7FB4-041E-66C3-E040-A8C08F26360C","1249.61208"
250,"E12A7FD3-40D8-66C3-E040-A8C08F26360C","26985.12046"
251,"4CE36D13-9592-2F65-E050-1AACBE063C5C","4069.15014"
252,"1843EF69-3E8F-3F94-E050-A8C08D261F11","4069.15014"
253,"E12A7FC2-C4A0-66C3-E040-A8C08F26360C","501483.24673"
254,"E2BD75B0-FE3F-D262-E040-A8C08F2631A6","2598.61224"
255,"E57901E6-CF3A-A2AD-E040-A8C08D264C56","2598.61224"
256,"E12A7FB3-5DEF-66C3-E040-A8C08F26360C","2598.61224"
257,"E2BD75B1-737F-D262-E040-A8C08F2631A6","29943.12035"
258,"E12A7FC0-4196-66C3-E040-A8C08F26360C","2598.61224"
259,"E12A7FD3-0872-66C3-E040-A8C08F26360C","501483.24673"
260,"E12A7FCF-7610-66C3-E040-A8C08F26360C","501483.24673"
261,"E866F886-D088-9DBE-E040-A8C08D26627F","501483.24673"
262,"E7464F3C-52BF-49FB-E040-A8C08D2637ED","501419.24673"
263,"E57901ED-A0AC-A2AD-E040-A8C08D264C56","28622.12035"
264,"E12A7FB5-7CB3-66C3-E040-A8C08F26360C","3683.147"
265,"E12A7FD4-BBCB-66C3-E040-A8C08F26360C","3683.147"
266,"E866F881-B131-9DBE-E040-A8C08D26627F","28622.12035"
267,"415C9BE7-E15E-F19C-E050-A8C08D26618F","28622.12035"
268,"E12A7FBD-DBBB-66C3-E040-A8C08F26360C","3683.147"
269,"1843EF69-4167-3F94-E050-A8C08D261F11","3683.147"
270,"E2BD75B3-B5E0-D262-E040-A8C08F2631A6","26194.12032"
271,"E6475AC2-7547-3BE5-E040-A8C08D2636C2","26194.12032"
272,"E57901F5-2CEE-A2AD-E040-A8C08D264C56","2833.15006"
273,"1843EF69-4AB4-3F94-E050-A8C08D261F11","2833.15006"
274,"E866F886-8661-9DBE-E040-A8C08D26627F","2833.15006"
275,"E57901EE-A29B-A2AD-E040-A8C08D264C56","29880.12032"
276,"92D856DE-7788-7151-E050-020A3E7461FC","1542.61220"
277,"F4C0AABB-C7B8-3907-E040-A8C08D2658EA","1199.61228"
278,"1843EF69-4647-3F94-E050-A8C08D261F11","1199.61228"
279,"16BC2738-1ACD-CCE9-E050-A8C08D26150E","1305.15014"
280,"E7464F3F-54C4-49FB-E040-A8C08D2637ED","1305.15014"
281,"288B6075-3125-597B-E050-A8C08F267FC2","501479.10919"
282,"E12A7FD7-B2D8-66C3-E040-A8C08F26360C","2699.15014"
283,"92D856DE-7C04-7151-E050-020A3E7461FC","2699.15014"
284,"366C886B-D16B-70DC-E050-A8C08F262794","1305.15014"
285,"0F20458A-CF72-C4FF-E050-A8C08F260666","501479.10919"
286,"01E6EF7D-F71A-4163-E050-A8C08F262F6E","108.61220"
287,"F611CF13-407F-ECE4-E040-A8C08D261807","2274.15011"
288,"FEBC701B-7E21-D4B3-E040-A8C08F26520A","2274.15011"
289,"E57901E7-38F4-A2AD-E040-A8C08D264C56","26784.12037"
290,"473F77EA-644B-4499-E050-A8C08F264E20","26784.12037"
291,"27A32228-7A58-735E-E050-A8C08F263AAB","5088.10013"
292,"E8CB30B7-3EFC-8670-E040-A8C08D260279","26326.12035"
293,"E12A7FD3-678A-66C3-E040-A8C08F26360C","5088.10013"
294,"4876261D-EBF3-39BC-E050-A8C08D264D80","26326.12035"
295,"534EB703-FA83-7F79-E050-1AACBE065207","1552.61208"
296,"7A84C4D4-8B92-828A-E050-020A3E747B90","1552.61208"
297,"E7464F38-D167-49FB-E040-A8C08D2637ED","26326.12035"
298,"E7464F3E-D6A4-49FB-E040-A8C08D2637ED","5088.10013"
299,"E12A7FD6-A2C8-66C3-E040-A8C08F26360C","5088.10013"
300,"E12A7FBD-8DCE-66C3-E040-A8C08F26360C","27352.12035"
301,"E12A7FB7-DDC1-66C3-E040-A8C08F26360C","5088.10013"
302,"298529F9-D979-0282-E050-A8C08F266EFA","1552.61208"
303,"E12A7FB5-4F5A-66C3-E040-A8C08F26360C","5088.10013"
304,"E12A7FD1-E619-66C3-E040-A8C08F26360C","1245.15013"
305,"E12A7FD7-83D5-66C3-E040-A8C08F26360C","3895.151"
306,"E7464F39-EFB5-49FB-E040-A8C08D2637ED","1543.15011"
307,"E7464F3D-BC05-49FB-E040-A8C08D2637ED","3895.151"
308,"4EC68832-9E22-DE5D-E050-1AACBE063172","1983.151"
309,"E866F883-3BC1-9DBE-E040-A8C08D26627F","3895.151"
310,"FD883827-844F-EB87-E040-A8C08D264620","126.61211"
311,"E12A7FC8-2D98-66C3-E040-A8C08F26360C","596.152"
312,"0233BC38-9CE5-DAAA-E050-A8C08D262A4F","126.61211"
313,"E12A7FCE-28FB-66C3-E040-A8C08F26360C","596.152"
314,"FCF8893B-8A64-F004-E040-A8C08D2678B6","26931.12003"
315,"19767F0B-798E-8DAF-E050-A8C08D2649E5","26931.12003"
316,"1843EF69-3F06-3F94-E050-A8C08D261F11","26931.12003"
317,"ECD5F966-8B2B-8940-E040-A8C08F266C76","26931.12003"
318,"36FB93FD-EA78-39FA-E050-A8C08F260D8C","130.61224"
319,"6DA89E0E-8FC5-AC17-E050-020A3E746A82","500693.10854"
320,"E12A7FC8-F628-66C3-E040-A8C08F26360C","130.61224"
321,"E12A7FC1-56E0-66C3-E040-A8C08F26360C","500693.10854"
322,"E8CB30B9-3F64-8670-E040-A8C08D260279","501864.24676"
323,"E12A7FB4-0410-66C3-E040-A8C08F26360C","2749.10013"
324,"7F7977A8-CF04-84B3-E050-020A3E7447BC","501864.24676"
325,"E7464F3A-4966-49FB-E040-A8C08D2637ED","501864.24676"
326,"758F14C0-D214-2E21-E050-020A3E746BC2","501864.24676"
327,"E12A7FB7-6FD9-66C3-E040-A8C08F26360C","501864.24676"
328,"E12A7FCF-B536-66C3-E040-A8C08F26360C","501864.24676"
329,"E57901EB-D4ED-A2AD-E040-A8C08D264C56","501864.24676"
330,"0233BC38-9567-DAAA-E050-A8C08D262A4F","22.10015"
331,"E866F883-9D4D-9DBE-E040-A8C08D26627F","1249.61208"
332,"E57901F0-3CB6-A2AD-E040-A8C08D264C56","1249.61208"
333,"E57901F3-D7D2-A2AD-E040-A8C08D264C56","1249.61208"
334,"E866F886-06D5-9DBE-E040-A8C08D26627F","500160.10917"
335,"6775B1EE-6C88-A4AE-E050-020A3E741CFB","98.10019"
336,"0233BC38-9F24-DAAA-E050-A8C08D262A4F","2851.146"
337,"FD883827-823E-EB87-E040-A8C08D264620","2851.146"
338,"E12A7FCA-42E0-66C3-E040-A8C08F26360C","2851.146"
339,"E60A8CE3-546E-3BAD-E040-A8C08D267887","501461.24271"
340,"E12A7FD2-11D2-66C3-E040-A8C08F26360C","251.15014"
341,"E57901F1-49A6-A2AD-E040-A8C08D264C56","251.15014"
342,"E866F884-0382-9DBE-E040-A8C08D26627F","251.15014"
343,"E7464F3D-4A03-49FB-E040-A8C08D2637ED","251.15014"
344,"E8CB30B7-6410-8670-E040-A8C08D260279","4826.15001"
345,"2FCED3A3-3A1F-084E-E050-A8C08D260C02","4826.15001"
346,"E12A7FBF-609E-66C3-E040-A8C08F26360C","502120.10916"
347,"E57901FD-005A-A2AD-E040-A8C08D264C56","28882.12037"
348,"E866F887-4D52-9DBE-E040-A8C08D26627F","502120.10916"
349,"E866F882-434B-9DBE-E040-A8C08D26627F","1124.15012"
350,"FCF8893B-7F9F-F004-E040-A8C08D2678B6","107.61208"
351,"FCF8893B-5525-F004-E040-A8C08D2678B6","501118.24272"
352,"29554347-98E5-FCC5-E050-A8C08D263EB8","4190.15014"
353,"E866F885-BEC7-9DBE-E040-A8C08D26627F","125.61225"
354,"46D39523-6944-B50F-E050-A8C08D2643DE","125.61225"
355,"E7464F3B-FFB2-49FB-E040-A8C08D2637ED","3988.15012"
356,"E8CB30B9-3F81-8670-E040-A8C08D260279","3988.15012"
357,"0233BC38-9DFC-DAAA-E050-A8C08D262A4F","26189.12020"
358,"16BC2738-17BA-CCE9-E050-A8C08D26150E","463.148"
359,"4A4F15D3-2E43-1E11-E050-A8C08F267A33","5387.15012"
360,"E12A7FB0-C4FF-66C3-E040-A8C08F26360C","463.148"
361,"01BA45F9-75E5-0169-E050-A8C08F263267","500011.24674"
362,"EB8BDAF7-B97A-A0B5-E040-A8C08D264590","28974.12035"
363,"036180DA-E90D-D43F-E050-A8C08F263AA0","500011.24674"
364,"E2BD75AE-5F82-D262-E040-A8C08F2631A6","500011.24674"
365,"E12A7FCC-DC2F-66C3-E040-A8C08F26360C","28974.12035"
366,"E866F882-8DEA-9DBE-E040-A8C08D26627F","28974.12035"
367,"1843EF69-3522-3F94-E050-A8C08D261F11","28974.12035"
368,"E12A7FD2-5DA2-66C3-E040-A8C08F26360C","500011.24674"
369,"FD883827-7A2B-EB87-E040-A8C08D264620","1983.151"
370,"E12A7FD0-5BD1-66C3-E040-A8C08F26360C","2514.152"
371,"FCF8893B-7BDF-F004-E040-A8C08D2678B6","1983.151"
372,"E7464F39-000A-49FB-E040-A8C08D2637ED","2514.152"
373,"05EC9D7B-EDEC-03C7-E050-A8C08F2676BB","117.61228"
374,"1843EF69-4ADE-3F94-E050-A8C08D261F11","117.61228"
375,"E57901FB-55E0-A2AD-E040-A8C08D264C56","4110.15014"
376,"E12A7FCA-7D7F-66C3-E040-A8C08F26360C","501481.24673"
377,"2A9CC091-79FE-BE62-E050-A8C08F267D50","5439.15011"
378,"E7464F3C-9C0B-49FB-E040-A8C08D2637ED","573.147"
379,"E12A7FD6-8414-66C3-E040-A8C08F26360C","573.147"
380,"E6475AC4-3EB7-3BE5-E040-A8C08D2636C2","573.147"
381,"E57901EC-9334-A2AD-E040-A8C08D264C56","26950.12035"
382,"E12A7FBF-740F-66C3-E040-A8C08F26360C","573.147"
383,"66B0A88D-94FE-4E8B-E050-020A3E7467F4","5439.15011"
384,"EB8BDAF7-8856-A0B5-E040-A8C08D264590","26950.12035"
385,"E7464F3E-3FB3-49FB-E040-A8C08D2637ED","357.15011"
386,"E7464F38-FD35-49FB-E040-A8C08D2637ED","1544.61225"
387,"E12A7FCD-BFA0-66C3-E040-A8C08F26360C","4202.15011"
388,"E12A7FC0-A0BA-66C3-E040-A8C08F26360C","1544.61225"
389,"F1225824-7C59-A1D4-E040-A8C08F265E78","1544.61225"
390,"E866F887-344E-9DBE-E040-A8C08D26627F","1553.61225"
391,"E57901ED-53C3-A2AD-E040-A8C08D264C56","29089.12045"
392,"E57901E8-F73F-A2AD-E040-A8C08D264C56","26900.12037"
393,"6DA89E0E-8D68-AC17-E050-020A3E746A82","26900.12037"
394,"EB8BDAF7-4A44-A0B5-E040-A8C08D264590","26900.12037"
395,"EB8BDAF6-222C-A0B5-E040-A8C08D264590","26900.12037"
396,"E5F6C035-14E4-396C-E040-A8C08D2675C5","144.61220"
397,"16F9ACEB-6FD1-156B-E050-A8C08F262CD8","144.61220"
398,"E12A7FB3-749C-66C3-E040-A8C08F26360C","29068.12000"
399,"46D39523-66DC-B50F-E050-A8C08D2643DE","29068.12000"
400,"E12A7FD6-A3FC-66C3-E040-A8C08F26360C","29068.12000"
401,"E12A7FBC-32D7-66C3-E040-A8C08F26360C","29068.12000"
402,"E12A7FB1-2FED-66C3-E040-A8C08F26360C","500075.10916"
403,"E12A7FCA-C8B3-66C3-E040-A8C08F26360C","1106.61229"
404,"E12A7FCE-3A06-66C3-E040-A8C08F26360C","1105.61229"
405,"E12A7FB8-CC38-66C3-E040-A8C08F26360C","201.15011"
406,"E12A7FB6-441A-66C3-E040-A8C08F26360C","201.15011"
407,"FF7C400E-8A5B-355B-E040-A8C08F266B0F","201.15011"
408,"E60A8CE3-C45D-3BAD-E040-A8C08D267887","22.10015"
409,"E7464F39-6F67-49FB-E040-A8C08D2637ED","2062.10022"
410,"E12A7FC3-A149-66C3-E040-A8C08F26360C","500979.24303"
411,"E12A7FB8-EE57-66C3-E040-A8C08F26360C","4019.15012"
412,"E12A7FD0-5950-66C3-E040-A8C08F26360C","4019.15012"
413,"E12A7FD7-29D2-66C3-E040-A8C08F26360C","4197.15014"
414,"E12A7FC5-11ED-66C3-E040-A8C08F26360C","501301.24269"
415,"E12A7FC8-0D38-66C3-E040-A8C08F26360C","501301.24269"
416,"369C7063-1BF1-B77D-E050-A8C08F26337D","501301.24269"
417,"E12A7FBD-5174-66C3-E040-A8C08F26360C","1892.15001"
418,"E7464F3E-2CDA-49FB-E040-A8C08D2637ED","1892.15001"
419,"E12A7FAF-E563-66C3-E040-A8C08F26360C","29233.12000"
420,"E866F883-52E2-9DBE-E040-A8C08D26627F","730.149"
421,"E12A7FD1-7BA4-66C3-E040-A8C08F26360C","119.61225"
422,"21C4515A-6404-9271-E050-A8C08D265321","119.61225"
423,"E12A7FB0-6C83-66C3-E040-A8C08F26360C","2274.15011"
424,"E7464F3F-20BC-49FB-E040-A8C08D2637ED","5693.15012"
425,"E7464F3D-F60A-49FB-E040-A8C08D2637ED","5693.15012"
426,"369C7063-6558-B77D-E050-A8C08F26337D","2274.15011"
427,"E12A7FCD-88A1-66C3-E040-A8C08F26360C","5597.15001"
428,"E12A7FCB-9FF9-66C3-E040-A8C08F26360C","501308.24271"
429,"E12A7FCA-52BA-66C3-E040-A8C08F26360C","500148.10916"
430,"ECD5F966-7A0C-8940-E040-A8C08F266C76","29675.12037"
431,"E12A7FB3-3FE7-66C3-E040-A8C08F26360C","29675.12037"
432,"1843EF69-41A9-3F94-E050-A8C08D261F11","29675.12037"
433,"E12A7FC7-114A-66C3-E040-A8C08F26360C","501066.10916"
434,"E12A7FB6-2644-66C3-E040-A8C08F26360C","4144.15012"
435,"E12A7FD3-6388-66C3-E040-A8C08F26360C","156.61220"
436,"664E8CCA-BC2C-4259-E050-020A3E7477A2","29883.12035"
437,"E12A7FB0-4E5D-66C3-E040-A8C08F26360C","26765.12037"
438,"E12A7FD6-006D-66C3-E040-A8C08F26360C","1542.61220"
439,"E7464F39-A304-49FB-E040-A8C08D2637ED","1542.61220"
440,"E12A7FCF-B26B-66C3-E040-A8C08F26360C","501006.24272"
441,"E5F6C031-7C11-396C-E040-A8C08D2675C5","501006.24272"
442,"E12A7FB4-F6E1-66C3-E040-A8C08F26360C","29068.12000"
443,"21C45158-D630-9271-E050-A8C08D265321","29068.12000"
444,"E866F882-5BE9-9DBE-E040-A8C08D26627F","29068.12000"
445,"E12A7FCF-B251-66C3-E040-A8C08F26360C","128.61220"
446,"39679F12-3ADB-79BC-E050-A8C08F261607","128.61220"
447,"E12A7FC5-4892-66C3-E040-A8C08F26360C","26896.12037"
448,"2731C2A1-BB90-AAFB-E050-A8C08F260186","500694.10916"
449,"E7464F3E-6613-49FB-E040-A8C08D2637ED","26896.12037"
450,"E12A7FC9-138B-66C3-E040-A8C08F26360C","26896.12037"
451,"E12A7FBD-7E17-66C3-E040-A8C08F26360C","501278.10919"
452,"E57901F9-81DE-A2AD-E040-A8C08D264C56","501278.10919"
453,"E12A7FC4-A54F-66C3-E040-A8C08F26360C","105.61229"
454,"E12A7FD0-1241-66C3-E040-A8C08F26360C","105.61211"
455,"E57901F3-8E67-A2AD-E040-A8C08D264C56","4344.15011"
456,"E866F882-8D49-9DBE-E040-A8C08D26627F","249.15011"
457,"E12A7FCA-6F36-66C3-E040-A8C08F26360C","103.61211"
458,"E12A7FCA-ABA1-66C3-E040-A8C08F26360C","103.61211"
459,"92D856DE-783E-7151-E050-020A3E7461FC","103.61211"
460,"E12A7FC4-A288-66C3-E040-A8C08F26360C","2505.151"
461,"E12A7FB2-6C69-66C3-E040-A8C08F26360C","1123.15012"
462,"E12A7FD6-DAF6-66C3-E040-A8C08F26360C","29207.12035"
463,"5AA9CFF7-9D07-6191-E050-1AACBE0660A8","501052.24270"
464,"E7464F3E-2784-49FB-E040-A8C08D2637ED","4310.15011"
465,"E12A7FCF-7B1E-66C3-E040-A8C08F26360C","575.61211"
466,"E12A7FC3-1C99-66C3-E040-A8C08F26360C","575.61211"
467,"92D856DE-7B69-7151-E050-020A3E7461FC","1554.61211"
468,"F0FACB8B-3752-249B-E040-A8C08D2662B6","121.61211"
469,"E12A7FB6-CCC6-66C3-E040-A8C08F26360C","2090.15012"
470,"E12A7FC4-A287-66C3-E040-A8C08F26360C","501408.10919"
471,"E7464F3C-372A-49FB-E040-A8C08D2637ED","242.61225"
472,"3B4723DE-5C95-3D7B-E050-A8C08D262F2B","501408.10919"
473,"1843EF69-464D-3F94-E050-A8C08D261F11","501408.10919"
474,"E12A7FD2-4FAC-66C3-E040-A8C08F26360C","4512.10015"
475,"E12A7FD6-3790-66C3-E040-A8C08F26360C","1554.61229"
476,"E7464F39-D985-49FB-E040-A8C08D2637ED","1306.15014"
477,"E12A7FD4-4066-66C3-E040-A8C08F26360C","119.61220"
478,"E12A7FB3-11CD-66C3-E040-A8C08F26360C","501461.24271"
479,"E7464F3E-D5F4-49FB-E040-A8C08D2637ED","5568.15001"
480,"E57901E9-C671-A2AD-E040-A8C08D264C56","501461.24271"
481,"E57901EE-63E0-A2AD-E040-A8C08D264C56","5568.15001"
482,"E12A7FC7-C9B5-66C3-E040-A8C08F26360C","5568.15001"
483,"E12A7FBD-7E16-66C3-E040-A8C08F26360C","29116.12000"
484,"E57901FA-1438-A2AD-E040-A8C08D264C56","29116.12000"
485,"E866F882-1240-9DBE-E040-A8C08D26627F","29116.12000"
486,"E12A7FBA-39F7-66C3-E040-A8C08F26360C","29067.12037"
487,"E12A7FB2-99AF-66C3-E040-A8C08F26360C","29067.12037"
488,"E12A7FC5-EF96-66C3-E040-A8C08F26360C","501031.24303"
489,"E866F883-220F-9DBE-E040-A8C08D26627F","501031.24303"
490,"E12A7FC8-8890-66C3-E040-A8C08F26360C","29175.12040"
491,"E12A7FC1-60B3-66C3-E040-A8C08F26360C","4202.15011"
492,"E866F883-09CA-9DBE-E040-A8C08D26627F","29139.12033"
493,"E12A7FBC-2CDD-66C3-E040-A8C08F26360C","581.43256"
494,"E12A7FD2-E6A1-66C3-E040-A8C08F26360C","1553.61211"
495,"664E8CCA-C21A-4259-E050-020A3E7477A2","501118.24272"
496,"E12A7FC7-3BE6-66C3-E040-A8C08F26360C","501315.24303"
497,"E12A7FC1-60AC-66C3-E040-A8C08F26360C","1605.15014"
498,"E12A7FAF-2D26-66C3-E040-A8C08F26360C","1821.151"
499,"E12A7FC5-C964-66C3-E040-A8C08F26360C","1821.151"
500,"E57901E6-CBAD-A2AD-E040-A8C08D264C56","468.151"
501,"E12A7FD2-4C88-66C3-E040-A8C08F26360C","2021.61229"
502,"ECD5F966-7B5C-8940-E040-A8C08F266C76","2021.61229"
503,"E12A7FD7-A8AB-66C3-E040-A8C08F26360C","5127.15011"
504,"E12A7FAF-96E7-66C3-E040-A8C08F26360C","4816.15011"
505,"E7464F3A-146B-49FB-E040-A8C08D2637ED","5387.15014"
506,"ED72EC3C-1974-34BE-E040-A8C08F26700F","5387.15014"
507,"E12A7FD3-DCA8-66C3-E040-A8C08F26360C","5387.15014"
508,"EB8BDAF5-DFD6-A0B5-E040-A8C08D264590","501871.10919"
509,"ECD5F966-7F0A-8940-E040-A8C08F266C76","501871.10919"
510,"1843EF69-4AC4-3F94-E050-A8C08D261F11","2241.15011"
511,"E12A7FD1-89A7-66C3-E040-A8C08F26360C","1605.15012"
512,"E57901F5-55AE-A2AD-E040-A8C08D264C56","501871.10919"
513,"E7464F3B-2AEA-49FB-E040-A8C08D2637ED","617.15012"
514,"E7464F3D-F012-49FB-E040-A8C08D2637ED","1314.15011"
515,"21C45159-6339-9271-E050-A8C08D265321","617.15012"
516,"E7464F3A-F4FB-49FB-E040-A8C08D2637ED","4016.15011"
517,"E12A7FBE-F55C-66C3-E040-A8C08F26360C","29016.12035"
518,"E12A7FBE-04BC-66C3-E040-A8C08F26360C","29016.12035"
519,"6DA89E0E-9DCF-AC17-E050-020A3E746A82","1498.61229"
520,"6DA89E0E-9B7A-AC17-E050-020A3E746A82","1480.61225"
521,"79BF5BC3-7FFB-E021-E050-020A3E7411FC","2175.15012"
522,"9D26A135-EFF9-9EFA-E050-020A3E741C99","1480.61225"
523,"E6475AC3-1D00-3BE5-E040-A8C08D2636C2","1480.61225"
524,"E57901EF-EC4A-A2AD-E040-A8C08D264C56","2180.15011"
525,"E12A7FC5-55C7-66C3-E040-A8C08F26360C","67.10013"
526,"E60A8CE3-E784-3BAD-E040-A8C08D267887","28508.12035"
527,"1843EF69-36ED-3F94-E050-A8C08D261F11","2180.15011"
528,"EB8BDAF8-19D8-A0B5-E040-A8C08D264590","67.10013"
529,"6DA89E0E-9796-AC17-E050-020A3E746A82","26276.12046"
530,"6DA89E0E-9635-AC17-E050-020A3E746A82","1500.15011"
531,"6AAB16F3-6AD6-9E8C-E050-020A3E747017","28904.12035"
532,"E93CDD2B-4354-6630-E040-A8C08D263FB4","28904.12035"
533,"E12A7FAE-5BCB-66C3-E040-A8C08F26360C","26194.12032"
534,"E57901E6-FC1C-A2AD-E040-A8C08D264C56","26194.12032"
535,"E7464F39-272A-49FB-E040-A8C08D2637ED","501052.24270"
536,"E7464F3D-7600-49FB-E040-A8C08D2637ED","1506.61208"
537,"E12A7FD3-C9F8-66C3-E040-A8C08F26360C","1558.61208"
538,"E7464F3B-6216-49FB-E040-A8C08D2637ED","29144.12036"
539,"E12A7FBD-FDE6-66C3-E040-A8C08F26360C","1343.61220"
540,"E12A7FB9-3962-66C3-E040-A8C08F26360C","29144.12036"
541,"E12A7FB5-2DEF-66C3-E040-A8C08F26360C","29144.12036"
542,"3B4723DE-7A47-3D7B-E050-A8C08D262F2B","27949.12034"
543,"3B4723DE-6943-3D7B-E050-A8C08D262F2B","27949.12034"
544,"1843EF69-4FF3-3F94-E050-A8C08D261F11","27949.12034"
545,"3B4723DE-6D6C-3D7B-E050-A8C08D262F2B","27949.12034"
546,"E12A7FC3-1FD0-66C3-E040-A8C08F26360C","501303.10919"
547,"50E4A43B-0787-4673-E050-1AACBE063672","501303.10919"
548,"E57901F6-D6AA-A2AD-E040-A8C08D264C56","501303.10919"
549,"E12A7FB2-632D-66C3-E040-A8C08F26360C","1537.61225"
550,"E12A7FCF-0C14-66C3-E040-A8C08F26360C","357.15011"
551,"E12A7FC9-7C04-66C3-E040-A8C08F26360C","1563.15014"
552,"E12A7FB2-2A03-66C3-E040-A8C08F26360C","1563.15014"
553,"E7464F3C-6B53-49FB-E040-A8C08D2637ED","1226.15014"
554,"E12A7FC4-EE6D-66C3-E040-A8C08F26360C","1226.15014"
555,"E12A7FC5-85E9-66C3-E040-A8C08F26360C","501127.10919"
556,"E7464F3F-8417-49FB-E040-A8C08D2637ED","469.151"
557,"F31A1C2A-8486-DA6C-E040-A8C08D261746","469.151"
558,"E12A7FBC-F5B3-66C3-E040-A8C08F26360C","21.10014"
559,"E866F885-EFCE-9DBE-E040-A8C08D26627F","469.151"
560,"2731C2A1-3550-AAFB-E050-A8C08F260186","29879.12035"
561,"F7778B09-2DFB-B764-E040-A8C08D266804","1311.10015"
562,"E7464F3B-CDE8-49FB-E040-A8C08D2637ED","501004.24269"
563,"E7464F38-D2DD-49FB-E040-A8C08D2637ED","26803.12037"
564,"1843EF69-506A-3F94-E050-A8C08D261F11","29067.12037"
565,"E7464F3A-836C-49FB-E040-A8C08D2637ED","501305.10917"
566,"374D7A9C-658D-A7FA-E050-A8C08F2657BD","26868.12033"
567,"ECD5F966-8C78-8940-E040-A8C08F266C76","500695.10916"
568,"E57901EE-76C4-A2AD-E040-A8C08D264C56","501305.10917"
569,"EB8BDAF7-B61F-A0B5-E040-A8C08D264590","501058.24303"
570,"E7464F39-3A85-49FB-E040-A8C08D2637ED","5684.15014"
571,"E12A7FC5-E9F2-66C3-E040-A8C08F26360C","27961.12035"
572,"E7464F3D-5145-49FB-E040-A8C08D2637ED","590.147"
573,"95741CAA-5EF3-BB31-E050-020A3E741B9C","2825.15011"
574,"F2F1CC10-6FB5-FF32-E040-A8C08F267A97","29242.12040"
575,"E12A7FB7-CE9F-66C3-E040-A8C08F26360C","29242.12040"
576,"92D856DE-7B47-7151-E050-020A3E7461FC","29242.12040"
577,"E7464F3D-F56B-49FB-E040-A8C08D2637ED","29242.12040"
578,"E866F882-7594-9DBE-E040-A8C08D26627F","29242.12040"
579,"36FB93FE-25E4-39FA-E050-A8C08F260D8C","501416.24271"
580,"E12A7FBD-A934-66C3-E040-A8C08F26360C","501416.24271"
581,"E7464F3A-8492-49FB-E040-A8C08D2637ED","501416.24271"
582,"E12A7FD6-7432-66C3-E040-A8C08F26360C","26888.12044"
583,"92D856DE-7AAB-7151-E050-020A3E7461FC","1626.15013"
584,"E12A7FCB-F8E9-66C3-E040-A8C08F26360C","1626.15013"
585,"6AAB16F3-5023-9E8C-E050-020A3E747017","1482.61205"
586,"92D856DE-7A0B-7151-E050-020A3E7461FC","1482.61205"
587,"EB8BDAF7-53A4-A0B5-E040-A8C08D264590","1482.61205"
588,"E7464F3E-59EF-49FB-E040-A8C08D2637ED","3617.152"
589,"E57901F3-9B8B-A2AD-E040-A8C08D264C56","6190.15014"
590,"E12A7FC2-ECCC-66C3-E040-A8C08F26360C","6190.15014"
591,"E57901E7-04B8-A2AD-E040-A8C08D264C56","26887.12044"
592,"E74BC5FB-6E9B-5B3A-E040-A8C08D267E6D","4039.15013"
593,"3CEE9130-0F20-CB28-E050-A8C08F2674D5","4039.15013"
594,"92D856DE-7A26-7151-E050-020A3E7461FC","501258.10917"
595,"E5F6C034-0AB4-396C-E040-A8C08D2675C5","501258.10917"
596,"1843EF69-3E32-3F94-E050-A8C08D261F11","501258.10917"
597,"E12A7FCE-459D-66C3-E040-A8C08F26360C","501258.10917"
598,"F4958484-86DE-FC15-E040-A8C08F2614B8","3988.15012"
599,"92D856DE-7A0E-7151-E050-020A3E7461FC","501418.10918"
600,"E7464F3A-B9B8-49FB-E040-A8C08D2637ED","500815.10918"
601,"E866F885-8C2E-9DBE-E040-A8C08D26627F","500815.10918"
602,"E12A7FC8-6491-66C3-E040-A8C08F26360C","4870.15011"
603,"36D5247F-B5FD-74B0-E050-A8C08F264F36","4823.15011"
604,"E7464F3C-71DA-49FB-E040-A8C08D2637ED","4823.15011"
605,"E7464F3E-642E-49FB-E040-A8C08D2637ED","501260.10919"
606,"13EE1E97-677A-F1A3-E050-A8C08D2664A2","2246.15001"
607,"E12A7FCD-0F09-66C3-E040-A8C08F26360C","5568.15001"
608,"FCF8893B-6D7F-F004-E040-A8C08D2678B6","501233.10916"
609,"1843EF69-5202-3F94-E050-A8C08D261F11","501018.10916"
610,"E866F883-842B-9DBE-E040-A8C08D26627F","4328.15012"
611,"E7464F3C-2DAC-49FB-E040-A8C08D2637ED","29160.12037"
612,"ECD5F966-8CB4-8940-E040-A8C08F266C76","29160.12037"
613,"E12A7FCA-04FF-66C3-E040-A8C08F26360C","2017.15014"
614,"92D856DE-7C07-7151-E050-020A3E7461FC","2017.15014"
615,"E12A7FCE-4C46-66C3-E040-A8C08F26360C","1771.15014"
616,"1ECF9C75-755D-6845-E050-A8C08F264468","2018.61229"
617,"E12A7FC7-C9A7-66C3-E040-A8C08F26360C","29167.12000"
618,"21C4515A-6409-9271-E050-A8C08D265321","881.152"
619,"E7464F3A-84DE-49FB-E040-A8C08D2637ED","29954.12046"
620,"E12A7FD5-08E7-66C3-E040-A8C08F26360C","599.152"
621,"E12A7FBF-4C35-66C3-E040-A8C08F26360C","500693.10854"
622,"E12A7FBA-D3B6-66C3-E040-A8C08F26360C","500693.10854"
623,"57DF1F15-DADF-6B52-E050-1AACBE06053C","4034.15006"
624,"50E4A43B-06E2-4673-E050-1AACBE063672","28909.12040"
625,"ECB74722-79A0-5E63-E040-A8C08D267DDF","501870.10919"
626,"369C7063-5980-B77D-E050-A8C08F26337D","501870.10919"
627,"92D856DE-78DD-7151-E050-020A3E7461FC","501873.24271"
628,"69763A0A-1155-90CC-E050-020A3E7413DF","29105.12037"
629,"E866F884-DFEE-9DBE-E040-A8C08D26627F","29105.12037"
630,"E7464F3C-6D60-49FB-E040-A8C08D2637ED","1892.15011"
631,"F611CF13-4682-ECE4-E040-A8C08D261807","4140.15012"
632,"E12A7FBA-410A-66C3-E040-A8C08F26360C","4140.15012"
633,"E7464F39-339B-49FB-E040-A8C08D2637ED","4837.10013"
634,"E7464F3D-F165-49FB-E040-A8C08D2637ED","6227.15012"
635,"E866F882-430E-9DBE-E040-A8C08D26627F","6227.15012"
636,"E7464F39-A25C-49FB-E040-A8C08D2637ED","500694.10916"
637,"EF9893B2-A21F-0CA4-E040-A8C08F266868","500694.10916"
638,"E12A7FB0-1E58-66C3-E040-A8C08F26360C","500694.10916"
639,"F611CF13-3C84-ECE4-E040-A8C08D261807","1554.61211"
640,"E7464F39-A284-49FB-E040-A8C08D2637ED","880.152"
641,"E7464F3C-0091-49FB-E040-A8C08D2637ED","501076.24271"
642,"E7464F3A-EBFA-49FB-E040-A8C08D2637ED","26897.12032"
643,"E12A7FCA-7068-66C3-E040-A8C08F26360C","27956.12032"
644,"E12A7FB1-7FFB-66C3-E040-A8C08F26360C","26897.12032"
645,"E866F884-6437-9DBE-E040-A8C08D26627F","29173.12032"
646,"E7464F3A-B5E7-49FB-E040-A8C08D2637ED","29064.12035"
647,"369C7063-81F1-B77D-E050-A8C08F26337D","1308.15011"
648,"369C7063-87E3-B77D-E050-A8C08F26337D","1308.15011"
649,"E7464F3A-488F-49FB-E040-A8C08D2637ED","666.43256"
650,"E7464F39-6BC0-49FB-E040-A8C08D2637ED","500027.24303"
651,"E57901F9-6250-A2AD-E040-A8C08D264C56","29089.12045"
652,"E12A7FBA-F27D-66C3-E040-A8C08F26360C","29089.12045"
653,"E12A7FC9-CA80-66C3-E040-A8C08F26360C","501137.24304"
654,"E12A7FCF-F24E-66C3-E040-A8C08F26360C","501154.24303"
655,"E12A7FC6-A7B0-66C3-E040-A8C08F26360C","2020.61228"
656,"E7464F3C-08EB-49FB-E040-A8C08D2637ED","2020.61228"
657,"E57901F9-67BD-A2AD-E040-A8C08D264C56","29018.12037"
658,"E12A7FCA-8FA5-66C3-E040-A8C08F26360C","501687.24271"
659,"E866F883-9D0B-9DBE-E040-A8C08D26627F","501687.24271"
660,"E57901EB-93F3-A2AD-E040-A8C08D264C56","1301.148"
661,"E12A7FCD-D109-66C3-E040-A8C08F26360C","26503.12036"
662,"E866F886-6B14-9DBE-E040-A8C08D26627F","669.151"
663,"6C3A834E-1EB3-A4BC-E050-020A3E7423C0","1469.61220"
664,"E12A7FB6-05AA-66C3-E040-A8C08F26360C","669.151"
665,"95936980-392A-BFA9-E050-020A3E741D96","631.152"
666,"3D76119C-F0A3-7C6F-E050-A8C08D263ECF","4309.15014"
667,"4CE36D13-9FE9-2F65-E050-1AACBE063C5C","1771.15014"
668,"E12A7FC7-573A-66C3-E040-A8C08F26360C","27849.12036"
669,"E57901E7-7BAF-A2AD-E040-A8C08D264C56","2598.61224"
670,"E12A7FB5-2021-66C3-E040-A8C08F26360C","107.61220"
671,"E12A7FB0-0379-66C3-E040-A8C08F26360C","107.61220"
672,"F98D1620-553B-B5B6-E040-A8C08F2678F6","1234.152"
673,"0943847F-527C-A526-E050-A8C08D26286A","26491.12033"
674,"E866F886-3740-9DBE-E040-A8C08D26627F","1365.61232"
675,"1843EF69-3970-3F94-E050-A8C08D261F11","27348.12032"
676,"E57901EF-48DD-A2AD-E040-A8C08D264C56","2598.61224"
677,"E7464F3E-7D15-49FB-E040-A8C08D2637ED","501483.24673"
678,"399F8437-272A-0236-E050-A8C08F2644B2","26950.12035"
679,"F92C5254-17BC-3483-E040-A8C08D266B11","177.10013"
680,"E12A7FC3-A220-66C3-E040-A8C08F26360C","78.10013"
681,"8584F561-A809-475F-E050-020A3E74272E","26950.12035"
682,"26E63E41-46F6-1794-E050-A8C08F262329","26950.12035"
683,"2A9CC091-88B3-BE62-E050-A8C08F267D50","78.10013"
684,"E8CB30B8-9BA8-8670-E040-A8C08D260279","501479.10919"
685,"E12A7FB3-02AB-66C3-E040-A8C08F26360C","2699.15014"
686,"E7464F3E-EB8C-49FB-E040-A8C08D2637ED","501869.24676"
687,"F0FACB8B-1A1A-249B-E040-A8C08D2662B6","501408.10919"
688,"E12A7FC7-2329-66C3-E040-A8C08F26360C","5692.15013"
689,"298529F9-F54E-0282-E050-A8C08F266EFA","4041.15011"
690,"1843EF69-4399-3F94-E050-A8C08D261F11","27342.12035"
691,"664E8CCA-BEFA-4259-E050-020A3E7477A2","29242.12040"
692,"1843EF69-4365-3F94-E050-A8C08D261F11","501076.24271"
693,"E5F6C033-D0F7-396C-E040-A8C08D2675C5","501076.24271"
694,"E5F6C035-51B5-396C-E040-A8C08D2675C5","501076.24271"
695,"E6475AC4-6914-3BE5-E040-A8C08D2636C2","4197.15012"
696,"1843EF69-4A93-3F94-E050-A8C08D261F11","29098.12040"
697,"1843EF69-371B-3F94-E050-A8C08D261F11","27350.12035"
698,"E8CB30B8-0DBC-8670-E040-A8C08D260279","29206.12035"
699,"1843EF69-40FC-3F94-E050-A8C08D261F11","500707.24676"
700,"E866F881-C907-9DBE-E040-A8C08D26627F","678.148"
701,"1843EF69-56BB-3F94-E050-A8C08D261F11","4363.15001"
702,"E7464F3F-4450-49FB-E040-A8C08D2637ED","26319.12046"
703,"E12A7FB5-E5FE-66C3-E040-A8C08F26360C","650.151"
704,"1843EF69-4888-3F94-E050-A8C08D261F11","476.152"
705,"1843EF69-3506-3F94-E050-A8C08D261F11","26276.12046"
706,"1843EF69-4827-3F94-E050-A8C08D261F11","27965.12037"
707,"1843EF69-4DD6-3F94-E050-A8C08D261F11","500148.10916"
708,"E12A7FC9-9D04-66C3-E040-A8C08F26360C","1288.61225"
709,"F1631EE8-1FC4-E3A0-E040-A8C08F260DAB","1288.61225"
710,"ECD5F966-8755-8940-E040-A8C08F266C76","29061.12000"
711,"E12A7FBA-10F8-66C3-E040-A8C08F26360C","29245.12037"
712,"ECD5F966-79CF-8940-E040-A8C08F266C76","1226.15014"
713,"ECD5F966-7E94-8940-E040-A8C08F266C76","1540.61211"
714,"1FD81FED-3BAE-8893-E050-A8C08F267850","26274.12043"
715,"E12A7FBB-F298-66C3-E040-A8C08F26360C","501277.10855"
716,"E12A7FC3-3B1A-66C3-E040-A8C08F26360C","610.151"
717,"E12A7FB8-B3A2-66C3-E040-A8C08F26360C","500152.24269"
718,"E866F886-8632-9DBE-E040-A8C08D26627F","26242.12047"
719,"E7464F3C-A488-49FB-E040-A8C08D2637ED","26242.12047"
720,"ECD5F966-8756-8940-E040-A8C08F266C76","501054.10916"
721,"F611CF13-5909-ECE4-E040-A8C08D261807","501054.10916"
722,"1F88327F-2370-B91C-E050-A8C08F261591","1482.61225"
723,"E12A7FC6-5B70-66C3-E040-A8C08F26360C","114.61229"
724,"1FB9D625-4E1F-8042-E050-A8C08F26572B","2275.147"
725,"F39B1F9A-9E18-429B-E040-A8C08D26357C","26326.12035"
726,"ECD5F966-7E96-8940-E040-A8C08F266C76","28766.12037"
727,"E12A7FC1-7EB7-66C3-E040-A8C08F26360C","28766.12037"
728,"E866F886-8635-9DBE-E040-A8C08D26627F","1239.148"
729,"ECD5F966-83D2-8940-E040-A8C08F266C76","4089.15014"
730,"ECD5F966-7FD4-8940-E040-A8C08F266C76","720.152"
731,"ECD5F966-7A0D-8940-E040-A8C08F266C76","122.61211"
732,"E7464F3E-0B65-49FB-E040-A8C08D2637ED","122.61211"
733,"E12A7FC3-A159-66C3-E040-A8C08F26360C","122.61211"
734,"5B03531B-B066-3508-E050-1AACBE063001","1343.61220"
735,"E866F886-E950-9DBE-E040-A8C08D26627F","1343.61220"
736,"58F4D885-01E5-2999-E050-1AACBE06232B","1124.15012"
737,"F58A19C1-0DF0-D8A3-E040-A8C08F267EBD","563.61229"
738,"E12A7FCC-BD56-66C3-E040-A8C08F26360C","501405.10917"
739,"E7464F39-701C-49FB-E040-A8C08D2637ED","501053.10916"
740,"04FD6A7B-3336-42F0-E050-A8C08F26710E","4019.15012"
741,"E12A7FD0-E219-66C3-E040-A8C08F26360C","1756.15011"
742,"E12A7FCC-12CF-66C3-E040-A8C08F26360C","4971.15012"
743,"4DAE66E3-817A-DB92-E050-1AACBE064E33","501068.10919"
744,"E866F884-C703-9DBE-E040-A8C08D26627F","29038.12034"
745,"E12A7FB7-2F33-66C3-E040-A8C08F26360C","26.10019"
746,"E12A7FD6-DFA0-66C3-E040-A8C08F26360C","29200.12032"
747,"E12A7FAF-BD4B-66C3-E040-A8C08F26360C","500056.24269"
748,"4FA05439-71BD-3DF3-E050-1AACBE065D6C","1314.15011"
749,"E12A7FCA-E7D0-66C3-E040-A8C08F26360C","1314.15011"
750,"E12A7FCD-63F4-66C3-E040-A8C08F26360C","666.152"
751,"E57901ED-53C4-A2AD-E040-A8C08D264C56","29166.12000"
752,"E866F883-3B58-9DBE-E040-A8C08D26627F","29166.12000"
753,"E12A7FCF-5851-66C3-E040-A8C08F26360C","453.152"
754,"E7464F3A-AF66-49FB-E040-A8C08D2637ED","500332.24673"
755,"E12A7FC2-F91B-66C3-E040-A8C08F26360C","26316.12046"
756,"E7464F3C-9E50-49FB-E040-A8C08D2637ED","501087.24303"
757,"E57901ED-5F33-A2AD-E040-A8C08D264C56","29163.12002"
758,"E866F887-347D-9DBE-E040-A8C08D26627F","670.43256"
759,"E57901EE-E1A5-A2AD-E040-A8C08D264C56","101.61228"
760,"E7464F3F-6F82-49FB-E040-A8C08D2637ED","29244.12040"
761,"E57901EA-CBC7-A2AD-E040-A8C08D264C56","29245.12037"
762,"E57901EC-51F4-A2AD-E040-A8C08D264C56","1075.61229"
763,"E12A7FCD-B916-66C3-E040-A8C08F26360C","1075.61229"
764,"E12A7FAE-B553-66C3-E040-A8C08F26360C","2019.61220"
765,"E57901ED-0D57-A2AD-E040-A8C08D264C56","501414.10853"
766,"1727661D-D8B6-B969-E050-A8C08F261F73","1857.15014"
767,"E12A7FD3-D83A-66C3-E040-A8C08F26360C","4140.15011"
768,"E57901EA-7213-A2AD-E040-A8C08D264C56","1196.15013"
769,"E12A7FD7-19A2-66C3-E040-A8C08F26360C","586.146"
770,"E12A7FCA-B9C9-66C3-E040-A8C08F26360C","1288.10013"
771,"E12A7FD7-AC87-66C3-E040-A8C08F26360C","1563.15014"
772,"E57901F5-B7AD-A2AD-E040-A8C08D264C56","1343.61220"
773,"E7464F3D-1ADE-49FB-E040-A8C08D2637ED","29116.12000"
774,"E57901E9-B245-A2AD-E040-A8C08D264C56","4872.15011"
775,"E57901EC-ED9E-A2AD-E040-A8C08D264C56","4027.15006"
776,"E57901F6-C47C-A2AD-E040-A8C08D264C56","493.43254"
777,"E57901F6-C449-A2AD-E040-A8C08D264C56","130.61220"
778,"8B012C38-AC31-D614-E050-020A3E7445C6","501340.10855"
779,"E12A7FAE-A34D-66C3-E040-A8C08F26360C","26784.12037"
780,"E866F886-D087-9DBE-E040-A8C08D26627F","26784.12037"
781,"E57901EE-F69E-A2AD-E040-A8C08D264C56","501301.24269"
782,"E866F884-C704-9DBE-E040-A8C08D26627F","26187.12039"
783,"1843EF69-40F3-3F94-E050-A8C08D261F11","1381.61220"
784,"E866F883-6CAE-9DBE-E040-A8C08D26627F","29077.12001"
785,"E866F882-2B21-9DBE-E040-A8C08D26627F","564.152"
786,"F1A09E77-CC5D-64E7-E040-A8C08D265A22","2375.15014"
787,"E866F885-A5FA-9DBE-E040-A8C08D26627F","29472.12046"
788,"E866F883-3B7E-9DBE-E040-A8C08D26627F","569.152"
789,"E866F886-8643-9DBE-E040-A8C08D26627F","501277.10855"
790,"E866F881-FA3F-9DBE-E040-A8C08D26627F","1544.61229"
791,"E866F883-B72F-9DBE-E040-A8C08D26627F","565.151"
792,"E866F881-7DB1-9DBE-E040-A8C08D26627F","596.152"
793,"E866F887-65CA-9DBE-E040-A8C08D26627F","501304.24269"
794,"E866F882-759A-9DBE-E040-A8C08D26627F","501198.24303"
795,"E866F886-533C-9DBE-E040-A8C08D26627F","6247.15012"
796,"E57901EA-EED7-A2AD-E040-A8C08D264C56","2856.148"
797,"EC8C1DDC-4F1B-BB1C-E040-A8C08F262F40","2856.148"
798,"1727661D-E200-B969-E050-A8C08F261F73","26784.12037"
799,"E12A7FD4-C400-66C3-E040-A8C08F26360C","20247.12000"
800,"E7464F3A-63BE-49FB-E040-A8C08D2637ED","1123.15012"
801,"E7464F39-9922-49FB-E040-A8C08D2637ED","1123.15012"
802,"E12A7FD4-DC62-66C3-E040-A8C08F26360C","500893.10950"
803,"E12A7FAF-D5D6-66C3-E040-A8C08F26360C","2757.151"
804,"E12A7FBE-21C1-66C3-E040-A8C08F26360C","1317.15013"
805,"E866F882-4347-9DBE-E040-A8C08D26627F","1317.15013"
806,"E12A7FBC-2DCE-66C3-E040-A8C08F26360C","26824.12040"
807,"E12A7FC1-E041-66C3-E040-A8C08F26360C","28514.12039"
808,"E60A8CE3-EEA3-3BAD-E040-A8C08D267887","1123.15012"
809,"E7464F3A-CBE4-49FB-E040-A8C08D2637ED","25036.12040"
810,"560EFD34-772A-BE6B-E050-1AACBE0638C3","28514.12039"
811,"E12A7FC2-7221-66C3-E040-A8C08F26360C","6239.15013"
812,"ECD5F966-839A-8940-E040-A8C08F266C76","1479.61224"
813,"E12A7FBA-20AC-66C3-E040-A8C08F26360C","3959.151"
814,"46D39523-6D32-B50F-E050-A8C08D2643DE","6239.15013"
815,"E7464F3C-ACE3-49FB-E040-A8C08D2637ED","28913.12040"
816,"E12A7FCE-2B3A-66C3-E040-A8C08F26360C","28913.12040"
817,"E7464F3F-45FE-49FB-E040-A8C08D2637ED","29199.12040"
818,"E5F6C030-6C7A-396C-E040-A8C08D2675C5","501030.10950"
819,"E7464F38-BAFC-49FB-E040-A8C08D2637ED","29242.12040"
820,"E12A7FC2-427F-66C3-E040-A8C08F26360C","1166.10019"
821,"6DA89E0E-925A-AC17-E050-020A3E746A82","3634.10022"
822,"3B4723DE-8296-3D7B-E050-A8C08D262F2B","501002.10950"
823,"E12A7FD0-7871-66C3-E040-A8C08F26360C","501002.10950"
824,"46D39523-6D34-B50F-E050-A8C08D2643DE","29234.12040"
825,"1843EF69-3C29-3F94-E050-A8C08D261F11","500198.10950"
826,"1FB9D625-4CF2-8042-E050-A8C08F26572B","120.61224"
827,"369C7063-7C11-B77D-E050-A8C08F26337D","621.102"
828,"E93CDD2A-FE54-6630-E040-A8C08D263FB4","1061.102"
829,"0233BC38-9668-DAAA-E050-A8C08D262A4F","1210.102"
830,"E866F886-9DD3-9DBE-E040-A8C08D26627F","32.10022"
831,"36FB93FD-EEEA-39FA-E050-A8C08F260D8C","5891.15013"
832,"E7464F39-D107-49FB-E040-A8C08D2637ED","26904.12033"
833,"E12A7FB2-5345-66C3-E040-A8C08F26360C","500065.10918"
834,"FCF8893B-710E-F004-E040-A8C08D2678B6","127.61225"
835,"8B012C38-AD8E-D614-E050-020A3E7445C6","1260.61205"
836,"E12A7FB0-1E67-66C3-E040-A8C08F26360C","501020.24692"
837,"E12A7FCE-0A0E-66C3-E040-A8C08F26360C","501189.10916"
838,"ED4E3A07-C6BC-A980-E040-A8C08F266EDA","1131.15011"
839,"E12A7FD3-79A2-66C3-E040-A8C08F26360C","4139.15012"
840,"1FB9D625-4D8A-8042-E050-A8C08F26572B","4139.15012"
841,"FCF8893B-5890-F004-E040-A8C08D2678B6","1131.15011"
842,"E57901F9-6CE3-A2AD-E040-A8C08D264C56","4139.15012"
843,"3B4723DE-9497-3D7B-E050-A8C08D262F2B","1608.15011"
844,"5E1E2834-8E7E-A05E-E050-020A3E74014E","1608.15011"
845,"E6475AC2-ACD4-3BE5-E040-A8C08D2636C2","1608.15011"
846,"E7464F39-375E-49FB-E040-A8C08D2637ED","1608.15011"
847,"E12A7FB5-9D91-66C3-E040-A8C08F26360C","1281.61225"
848,"1843EF69-488B-3F94-E050-A8C08D261F11","1608.15011"
849,"E12A7FB9-3936-66C3-E040-A8C08F26360C","1608.15011"
850,"E866F882-D78E-9DBE-E040-A8C08D26627F","1608.15011"
851,"FF42C396-C35A-DF68-E040-A8C08D266399","2780.152"
852,"67964906-707B-0366-E050-020A3E746970","2780.152"
853,"01BA45F9-698A-0169-E050-A8C08F263267","500134.10916"
854,"21C45159-6229-9271-E050-A8C08D265321","500134.10916"
855,"19767F0B-580B-8DAF-E050-A8C08D2649E5","500134.10916"
856,"47E703B7-16D5-6721-E050-A8C08F263B06","1510.61208"
857,"E7464F3D-E49D-49FB-E040-A8C08D2637ED","1510.61208"
858,"E12A7FC1-601D-66C3-E040-A8C08F26360C","1510.61208"
859,"E866F884-7205-9DBE-E040-A8C08D26627F","1504.61225"
860,"E12A7FC5-CE64-66C3-E040-A8C08F26360C","1504.61225"
861,"1843EF69-54EC-3F94-E050-A8C08D261F11","1554.61225"
862,"994D0503-BF0E-176F-E050-020A3E740C83","127.61225"
863,"E866F887-3432-9DBE-E040-A8C08D26627F","127.61225"
864,"E12A7FB0-4E5C-66C3-E040-A8C08F26360C","5399.15012"
865,"E12A7FC1-0605-66C3-E040-A8C08F26360C","5399.15012"
866,"E12A7FBE-01EA-66C3-E040-A8C08F26360C","5399.15012"
867,"E12A7FCF-D8E3-66C3-E040-A8C08F26360C","5399.15012"
868,"E866F883-6CAF-9DBE-E040-A8C08D26627F","5399.15012"
869,"E12A7FD4-4395-66C3-E040-A8C08F26360C","500122.24692"
870,"ECD5F966-7B23-8940-E040-A8C08F266C76","500122.24692"
871,"0FBF99E7-9D37-64EC-E050-A8C08D2666BC","500122.24692"
872,"E866F886-3A44-9DBE-E040-A8C08D26627F","500122.24692"
873,"E12A7FB1-1356-66C3-E040-A8C08F26360C","500134.10916"
874,"E12A7FBF-476A-66C3-E040-A8C08F26360C","4024.15013"
875,"E57901F2-69AB-A2AD-E040-A8C08D264C56","500134.10916"
876,"E12A7FB6-501B-66C3-E040-A8C08F26360C","29134.12038"
877,"E12A7FC5-483A-66C3-E040-A8C08F26360C","4846.15001"
878,"E12A7FB2-308F-66C3-E040-A8C08F26360C","1901.15071"
879,"E12A7FAF-2CDC-66C3-E040-A8C08F26360C","1510.61208"
880,"E6AB8D59-5199-B7C4-E040-A8C08D267EDF","1510.61208"
881,"09AEECEB-D8CE-6451-E050-A8C08F2674B4","1510.61208"
882,"ECD5F966-7E59-8940-E040-A8C08F266C76","501053.10916"
883,"23321DAF-AA27-8C6C-E050-A8C08F263926","1510.61208"
884,"E866F884-AE40-9DBE-E040-A8C08D26627F","1510.61208"
885,"E12A7FCD-C195-66C3-E040-A8C08F26360C","1985.15012"
886,"E12A7FC5-E257-66C3-E040-A8C08F26360C","1506.61205"
887,"E12A7FB0-7B7A-66C3-E040-A8C08F26360C","6229.15011"
888,"E12A7FC0-070F-66C3-E040-A8C08F26360C","4025.15012"
889,"E866F885-A5F9-9DBE-E040-A8C08D26627F","4025.15012"
890,"E12A7FB0-C520-66C3-E040-A8C08F26360C","501075.24692"
891,"36D5247F-7E27-74B0-E050-A8C08F264F36","501075.24692"
892,"E12A7FC5-0137-66C3-E040-A8C08F26360C","27950.12033"
893,"E12A7FB9-7612-66C3-E040-A8C08F26360C","29155.12033"
894,"ECD5F966-7BD2-8940-E040-A8C08F266C76","29155.12033"
895,"3B4723DE-902C-3D7B-E050-A8C08D262F2B","27950.12033"
896,"1843EF69-529B-3F94-E050-A8C08D261F11","1506.61208"
897,"E7464F39-F312-49FB-E040-A8C08D2637ED","6229.15011"
898,"E7464F3B-22FF-49FB-E040-A8C08D2637ED","29110.12035"
899,"369C7063-4C4A-B77D-E050-A8C08F26337D","500329.24674"
900,"E7464F3B-E302-49FB-E040-A8C08D2637ED","501028.10917"
901,"E7464F3A-1558-49FB-E040-A8C08D2637ED","501053.10916"
902,"0AB362E6-CEB6-90DC-E050-A8C08F263789","1483.15001"
903,"EB8BDAF8-2080-A0B5-E040-A8C08D264590","1483.15001"
904,"E866F882-7593-9DBE-E040-A8C08D26627F","1483.15001"
905,"21C45158-9F59-9271-E050-A8C08D265321","27393.13007"
906,"EB8BDAF6-E662-A0B5-E040-A8C08D264590","5399.15012"
907,"EB8BDAF7-EDC6-A0B5-E040-A8C08D264590","5399.15012"
908,"92D856DE-78D7-7151-E050-020A3E7461FC","1055.152"
909,"92D856DE-7A2D-7151-E050-020A3E7461FC","26278.12038"
910,"1843EF69-4F84-3F94-E050-A8C08D261F11","582.102"
911,"E12A7FC1-ABC2-66C3-E040-A8C08F26360C","29153.12038"
912,"E12A7FD6-6637-66C3-E040-A8C08F26360C","4024.15013"
913,"E866F882-D283-9DBE-E040-A8C08D26627F","4024.15013"
914,"E12A7FD5-4622-66C3-E040-A8C08F26360C","28561.12040"
915,"E12A7FB1-1D08-66C3-E040-A8C08F26360C","28561.12040"
916,"E12A7FC8-8E1F-66C3-E040-A8C08F26360C","28521.12002"
917,"E12A7FCA-644C-66C3-E040-A8C08F26360C","28521.12002"
918,"E12A7FD0-DAAD-66C3-E040-A8C08F26360C","4846.15001"
919,"E12A7FB2-4826-66C3-E040-A8C08F26360C","4846.15001"
920,"E866F881-AFEC-9DBE-E040-A8C08D26627F","28521.12002"
921,"E7464F3A-F19B-49FB-E040-A8C08D2637ED","26895.12033"
922,"E12A7FC0-5FC2-66C3-E040-A8C08F26360C","26895.12033"
923,"1843EF69-4DAC-3F94-E050-A8C08D261F11","1892.15011"
924,"E7464F39-338B-49FB-E040-A8C08D2637ED","618.149"
925,"E7464F3A-111A-49FB-E040-A8C08D2637ED","4976.15012"
926,"2240BA96-0A28-92DE-E050-A8C08F261A37","29044.12037"
927,"E12A7FB9-85FE-66C3-E040-A8C08F26360C","26278.12038"
928,"E12A7FBF-80CD-66C3-E040-A8C08F26360C","501259.10918"
929,"18FEA022-4F0B-580A-E050-A8C08D264C19","28561.12040"
930,"540052AA-89D2-D690-E050-1AACBE065653","28561.12040"
931,"E12A7FC7-836F-66C3-E040-A8C08F26360C","501095.10918"
932,"1843EF69-3BCE-3F94-E050-A8C08D261F11","26855.13007"
933,"1843EF69-54B2-3F94-E050-A8C08D261F11","1983.15011"
934,"E866F885-D6C8-9DBE-E040-A8C08D26627F","1983.15011"
935,"ECD5F966-7F88-8940-E040-A8C08F266C76","29154.13007"
936,"E12A7FB4-EAAF-66C3-E040-A8C08F26360C","501020.24692"
937,"E5F6C032-510F-396C-E040-A8C08D2675C5","4139.15011"
938,"E866F881-E119-9DBE-E040-A8C08D26627F","1416.61225"
939,"36FB93FD-EF16-39FA-E050-A8C08F260D8C","502118.10917"
940,"E6475AC2-FB27-3BE5-E040-A8C08D2636C2","2505.108"
941,"E866F885-10FB-9DBE-E040-A8C08D26627F","501049.10917"
942,"E12A7FC9-9AD5-66C3-E040-A8C08F26360C","500068.10918"
943,"FD883827-9A2E-EB87-E040-A8C08D264620","500068.10918"
944,"E57901FA-1435-A2AD-E040-A8C08D264C56","29660.12033"
945,"E12A7FB0-0E57-66C3-E040-A8C08F26360C","501053.10916"
946,"E57901E8-F73E-A2AD-E040-A8C08D264C56","29155.12033"
947,"E866F885-5B13-9DBE-E040-A8C08D26627F","614.149"
948,"E7464F39-1FC0-49FB-E040-A8C08D2637ED","500154.10918"
949,"1843EF69-45A2-3F94-E050-A8C08D261F11","500021.10918"
950,"E12A7FB9-9B81-66C3-E040-A8C08F26360C","29154.13007"
951,"E12A7FB1-22FB-66C3-E040-A8C08F26360C","6320.157"
952,"369C7063-3C6F-B77D-E050-A8C08F26337D","1525.15001"
953,"E12A7FBE-492D-66C3-E040-A8C08F26360C","2631.15001"
954,"9A207B61-58C3-6CA4-E050-020A3E746C9F","29252.12001"
955,"6AAB16F3-1209-9E8C-E050-020A3E747017","29252.12001"
956,"2240BA96-0D91-92DE-E050-A8C08F261A37","29252.12001"
957,"ECD5F966-868A-8940-E040-A8C08F266C76","29252.12001"
958,"17FE830F-4F5C-372D-E050-A8C08F262682","29240.12000"
959,"EB8BDAF8-4D84-A0B5-E040-A8C08D264590","500194.24304"
960,"20FCC8AE-D398-776A-E050-A8C08D262614","500194.24304"
961,"E6475AC2-2565-3BE5-E040-A8C08D2636C2","26863.12000"
962,"E12A7FCA-6167-66C3-E040-A8C08F26360C","26863.12000"
963,"180FDF78-192B-1BF7-E050-A8C08F2649EC","29240.12000"
964,"E60A8CE3-DE27-3BAD-E040-A8C08D267887","29240.12000"
965,"1843EF69-45BA-3F94-E050-A8C08D261F11","29240.12000"
966,"E8CB30B9-EBB7-8670-E040-A8C08D260279","26918.13007"
967,"FCF8893B-7137-F004-E040-A8C08D2678B6","29128.13007"
968,"1843EF69-40D3-3F94-E050-A8C08D261F11","29128.13007"
969,"E12A7FB8-1CFC-66C3-E040-A8C08F26360C","29136.12000"
970,"E12A7FB6-1A5D-66C3-E040-A8C08F26360C","28872.13006"
971,"E12A7FBA-BB30-66C3-E040-A8C08F26360C","501000.24623"
972,"E12A7FCA-52D7-66C3-E040-A8C08F26360C","501407.24304"
973,"E12A7FAE-512D-66C3-E040-A8C08F26360C","501187.24621"
974,"E12A7FCD-95E9-66C3-E040-A8C08F26360C","155.61228"
975,"E12A7FC3-FB8C-66C3-E040-A8C08F26360C","1915.15071"
976,"E12A7FAF-D1DF-66C3-E040-A8C08F26360C","29450.12001"
977,"E12A7FD4-4045-66C3-E040-A8C08F26360C","29117.12000"
978,"21C45159-BDE1-9271-E050-A8C08D265321","29117.12000"
979,"E12A7FB2-5FA3-66C3-E040-A8C08F26360C","584.157"
980,"E12A7FD5-8265-66C3-E040-A8C08F26360C","501247.24302"
981,"21C45159-D414-9271-E050-A8C08D265321","4363.15001"
982,"92D856DE-7A0A-7151-E050-020A3E7461FC","1204.101"
983,"ECD5F966-7C1A-8940-E040-A8C08F266C76","28872.13006"
984,"E12A7FB1-AA1A-66C3-E040-A8C08F26360C","604.152"
985,"F611CF13-5262-ECE4-E040-A8C08D261807","604.152"
986,"1843EF69-4A6D-3F94-E050-A8C08D261F11","249.15071"
987,"1FB9D625-5015-8042-E050-A8C08F26572B","29093.12000"
988,"1843EF69-3C14-3F94-E050-A8C08D261F11","26275.12001"
989,"E7464F3F-7C16-49FB-E040-A8C08D2637ED","29117.12000"
990,"E93CDD2B-0055-6630-E040-A8C08D263FB4","28590.12001"
991,"E12A7FBE-5E67-66C3-E040-A8C08F26360C","501413.24304"
992,"E866F887-9910-9DBE-E040-A8C08D26627F","500215.24622"
993,"36D5247F-DC79-74B0-E050-A8C08F264F36","1915.15071"
994,"E12A7FB6-8852-66C3-E040-A8C08F26360C","29171.13007"
995,"1843EF69-3BEA-3F94-E050-A8C08D261F11","4935.15071"
996,"ECD5F966-8754-8940-E040-A8C08F266C76","26827.13007"
