id,operator,rat,lon,lat
"1002.147",tim,GSM,9.1693,45.4528
"1040.102",tim,GSM,9.2511,45.4327
"1045.149",tim,GSM,9.1944,45.4707
"1049.101",tim,GSM,9.1238,45.4009
"1049.108",tim,GSM,9.1260,45.3997
"1050.147",tim,GSM,9.1904,45.4642
"1055.147",tim,GSM,9.1889,45.4641
"1055.152",tim,GSM,9.1559,45.4499
"1055.43254",tim,GSM,9.1525,45.4552
"1061.102",tim,GSM,9.2576,45.4411
"1088.152",tim,GSM,9.1613,45.4824
"1112.151",tim,GSM,9.2325,45.4902
"1141.147",tim,GSM,9.1911,45.4647
"1172.102",tim,GSM,9.2742,45.4719
"1201.147",tim,GSM,9.1916,45.4644
"1201.101",tim,GSM,9.0879,45.4166
"1202.147",tim,GSM,9.2040,45.4839
"1204.101",tim,GSM,9.1045,45.4608
"1206.108",tim,GSM,9.1470,45.4013
"1210.157",tim,GSM,9.1595,45.5018
"1210.102",tim,GSM,9.2553,45.4532
"1230.152",tim,GSM,9.1656,45.4759
"1230.43256",tim,GSM,9.1662,45.4770
"1231.152",tim,GSM,9.1640,45.4739
"1231.43256",tim,GSM,9.1643,45.4744
"1231.102",tim,GSM,9.2570,45.5028
"1234.152",tim,GSM,9.1626,45.4694
"1239.148",tim,GSM,9.2312,45.4685
"1239.102",tim,GSM,9.1578,45.4212
"1240.102",tim,GSM,9.1704,45.4134
"1299.101",tim,GSM,9.0811,45.4208
"1300.101",tim,GSM,9.0913,45.4150
"1300.102",tim,GSM,9.2533,45.4161
"1301.148",tim,GSM,9.2156,45.4728
"1302.148",tim,GSM,9.2094,45.4757
"1391.43256",tim,GSM,9.1663,45.4787
"1392.102",tim,GSM,9.2308,45.4717
"1605.151",tim,GSM,9.2107,45.5169
"1694.102",tim,GSM,9.1498,45.4083
"1694.108",tim,GSM,9.1501,45.4061
"1695.102",tim,GSM,9.1470,45.4073
"1695.108",tim,GSM,9.1483,45.4080
"1721.151",tim,GSM,9.1892,45.5036
"1785.152",tim,GSM,9.1619,45.4718
"1785.43256",tim,GSM,9.1592,45.4603
"1821.151",tim,GSM,9.1897,45.4901
"1983.151",tim,GSM,9.1993,45.4854
"1985.151",tim,GSM,9.1811,45.5090
"2128.102",tim,GSM,9.1942,45.4299
"2129.102",tim,GSM,9.1543,45.4175
"2129.108",tim,GSM,9.1589,45.4220
"2129.151",tim,GSM,9.2403,45.5026
"2130.151",tim,GSM,9.2125,45.5124
"2132.151",tim,GSM,9.1922,45.5212
"2207.151",tim,GSM,9.2143,45.5203
"2275.147",tim,GSM,9.1872,45.4628
"2340.147",tim,GSM,9.1907,45.4642
"2340.149",tim,GSM,9.2551,45.4352
"2398.146",tim,GSM,9.2183,45.5376
"2431.43256",tim,GSM,9.1506,45.4612
"2452.109",tim,GSM,9.0588,45.5366
"2505.108",tim,GSM,9.1633,45.4380
"2505.149",tim,GSM,9.1614,45.4327
"2505.151",tim,GSM,9.2105,45.5025
"2514.152",tim,GSM,9.1986,45.4868
"2730.102",tim,GSM,9.2776,45.4685
"2739.109",tim,GSM,9.0608,45.5247
"2753.102",tim,GSM,9.1610,45.4112
"2757.151",tim,GSM,9.2394,45.5033
"2758.151",tim,GSM,9.2116,45.5058
"2759.151",tim,GSM,9.2087,45.5092
"2780.152",tim,GSM,9.1572,45.4519
"2793.151",tim,GSM,9.2430,45.5004
"2850.102",tim,GSM,9.1702,45.4270
"2851.102",tim,GSM,9.1511,45.4078
"2851.146",tim,GSM,9.2044,45.4923
"2855.102",tim,GSM,9.2605,45.3978
"2856.148",tim,GSM,9.2118,45.4745
"2869.102",tim,GSM,9.1493,45.4097
"2870.102",tim,GSM,9.1456,45.4072
"2890.109",tim,GSM,9.0627,45.5143
"2891.151",tim,GSM,9.1787,45.5145
"3146.109",tim,GSM,9.0956,45.5292
"3147.109",tim,GSM,9.0627,45.5143
"3225.152",tim,GSM,9.1730,45.4831
"3387.146",tim,GSM,9.2749,45.5334
"3388.109",tim,GSM,9.1129,45.5176
"3581.109",tim,GSM,9.0809,45.5197
"3617.149",tim,GSM,9.1598,45.4528
"3617.152",tim,GSM,9.1554,45.4565
"3617.146",tim,GSM,9.2062,45.4856
"3681.146",tim,GSM,9.2710,45.5315
"3683.147",tim,GSM,9.1930,45.4663
"3851.147",tim,GSM,9.1874,45.4630
"3855.102",tim,GSM,9.2431,45.5004
"3895.151",tim,GSM,9.1962,45.4833
"3897.148",tim,GSM,9.2517,45.4620
"3898.102",tim,GSM,9.2690,45.4619
"3900.102",tim,GSM,9.2608,45.4594
"3946.102",tim,GSM,9.1427,45.4002
"3946.149",tim,GSM,9.1559,45.4499
"3949.102",tim,GSM,9.2574,45.4421
"3950.102",tim,GSM,9.2605,45.3980
"3959.151",tim,GSM,9.2422,45.5004
"3964.147",tim,GSM,9.1872,45.4628
"4036.148",tim,GSM,9.2497,45.4621
"4260.109",tim,GSM,9.0606,45.5247
"4274.109",tim,GSM,9.0885,45.5277
"4274.151",tim,GSM,9.2071,45.4862
"4298.151",tim,GSM,9.2025,45.5257
"436.149",tim,GSM,9.1559,45.4499
"436.43254",tim,GSM,9.1540,45.4527
"436.152",tim,GSM,9.1719,45.4713
"438.101",tim,GSM,9.0738,45.4388
"438.109",tim,GSM,9.0668,45.4960
"4470.149",tim,GSM,9.1658,45.4423
"449.102",tim,GSM,9.2636,45.4620
"4502.147",tim,GSM,9.1913,45.4644
"4504.102",tim,GSM,9.2332,45.5102
"4504.151",tim,GSM,9.2047,45.4903
"453.152",tim,GSM,9.1620,45.4799
"453.43256",tim,GSM,9.1634,45.4806
"4539.149",tim,GSM,9.1614,45.4401
"4545.151",tim,GSM,9.2577,45.4504
"4548.109",tim,GSM,9.1595,45.5018
"4551.151",tim,GSM,9.2133,45.5124
"456.102",tim,GSM,9.2704,45.4724
"4596.109",tim,GSM,9.1130,45.5198
"463.148",tim,GSM,9.2024,45.4787
"4635.149",tim,GSM,9.1758,45.4419
"4636.149",tim,GSM,9.1601,45.4439
"4636.102",tim,GSM,9.2583,45.4455
"4637.102",tim,GSM,9.2588,45.4477
"4644.149",tim,GSM,9.1701,45.4356
"4645.102",tim,GSM,9.1672,45.4351
"4645.149",tim,GSM,9.1675,45.4355
"4645.101",tim,GSM,9.0759,45.4751
"4645.108",tim,GSM,9.0789,45.4714
"465.101",tim,GSM,9.0767,45.4586
"465.108",tim,GSM,9.0767,45.4538
"468.151",tim,GSM,9.1921,45.4893
"469.151",tim,GSM,9.1948,45.4885
"473.149",tim,GSM,9.2273,45.4347
"473.147",tim,GSM,9.1915,45.4644
"4735.146",tim,GSM,9.2193,45.5299
"476.152",tim,GSM,9.1706,45.4813
"478.148",tim,GSM,9.2393,45.4697
"479.151",tim,GSM,9.2099,45.4916
"4839.149",tim,GSM,9.1505,45.4477
"485.101",tim,GSM,9.1059,45.4350
"486.101",tim,GSM,9.1045,45.4346
"490.147",tim,GSM,9.1983,45.4596
"492.152",tim,GSM,9.1580,45.4626
"493.152",tim,GSM,9.1610,45.4582
"493.43254",tim,GSM,9.1609,45.4580
"5539.109",tim,GSM,9.1063,45.5235
"5540.109",tim,GSM,9.1054,45.5240
"5559.151",tim,GSM,9.2044,45.4868
"5593.149",tim,GSM,9.1611,45.4325
"5629.152",tim,GSM,9.1664,45.4784
"564.152",tim,GSM,9.1516,45.4901
"564.151",tim,GSM,9.2045,45.5135
"565.151",tim,GSM,9.2021,45.5092
"565.102",tim,GSM,9.2495,45.4302
"566.149",tim,GSM,9.1804,45.4380
"566.102",tim,GSM,9.1692,45.4374
"566.101",tim,GSM,9.0727,45.4229
"567.109",tim,GSM,9.0665,45.4939
"568.102",tim,GSM,9.2552,45.4109
"569.152",tim,GSM,9.1692,45.4814
"569.43256",tim,GSM,9.1648,45.4811
"569.151",tim,GSM,9.1929,45.4929
"570.151",tim,GSM,9.2253,45.4770
"570.148",tim,GSM,9.2227,45.4693
"571.146",tim,GSM,9.1730,45.5405
"572.146",tim,GSM,9.2622,45.5255
"573.147",tim,GSM,9.1839,45.4659
"574.147",tim,GSM,9.1875,45.4632
"574.102",tim,GSM,9.2753,45.4726
"576.152",tim,GSM,9.1557,45.4674
"576.43256",tim,GSM,9.1566,45.4678
"578.102",tim,GSM,9.2495,45.4437
"580.152",tim,GSM,9.1617,45.4781
"580.43256",tim,GSM,9.1618,45.4782
"581.152",tim,GSM,9.1614,45.4769
"581.43256",tim,GSM,9.1608,45.4773
"582.102",tim,GSM,9.2004,45.4361
"583.149",tim,GSM,9.2120,45.4370
"583.108",tim,GSM,9.1552,45.4186
"583.101",tim,GSM,9.1152,45.4056
"584.157",tim,GSM,9.1355,45.4975
"584.151",tim,GSM,9.2032,45.4885
"586.146",tim,GSM,9.1797,45.5099
"589.146",tim,GSM,9.1830,45.5376
"590.147",tim,GSM,9.1850,45.4613
"596.152",tim,GSM,9.1570,45.4875
"596.149",tim,GSM,9.1547,45.4474
"599.152",tim,GSM,9.1612,45.4902
"600.151",tim,GSM,9.1809,45.4852
"601.151",tim,GSM,9.1795,45.4848
"603.157",tim,GSM,9.1511,45.5305
"604.152",tim,GSM,9.1323,45.4667
"605.109",tim,GSM,9.1567,45.5225
"609.151",tim,GSM,9.2166,45.5188
"610.151",tim,GSM,9.2006,45.5065
"613.151",tim,GSM,9.1966,45.4951
"614.149",tim,GSM,9.1970,45.4368
"617.152",tim,GSM,9.1709,45.4772
"618.102",tim,GSM,9.1410,45.4017
"618.108",tim,GSM,9.1464,45.4043
"618.149",tim,GSM,9.1620,45.4508
"618.43254",tim,GSM,9.1627,45.4518
"621.102",tim,GSM,9.2513,45.4247
"622.102",tim,GSM,9.2608,45.4017
"622.109",tim,GSM,9.0606,45.5247
"623.109",tim,GSM,9.0415,45.5130
"625.101",tim,GSM,9.1022,45.4119
"625.108",tim,GSM,9.1081,45.4093
"628.109",tim,GSM,9.0694,45.4862
"629.101",tim,GSM,9.0780,45.4657
"630.102",tim,GSM,9.2443,45.4701
"631.102",tim,GSM,9.2441,45.4705
"631.152",tim,GSM,9.1365,45.4646
"631.151",tim,GSM,9.2430,45.5004
"632.149",tim,GSM,9.1907,45.4641
"632.151",tim,GSM,9.1872,45.5007
"6320.157",tim,GSM,9.1255,45.5177
"6324.109",tim,GSM,9.1079,45.5227
"633.151",tim,GSM,9.1959,45.4982
"635.109",tim,GSM,9.1129,45.5175
"635.147",tim,GSM,9.1911,45.4647
"636.147",tim,GSM,9.1850,45.4613
"6364.151",tim,GSM,9.2044,45.4868
"641.149",tim,GSM,9.1714,45.4420
"642.149",tim,GSM,9.1646,45.4461
"642.43254",tim,GSM,9.1628,45.4450
"643.149",tim,GSM,9.1615,45.4436
"643.43254",tim,GSM,9.1615,45.4432
"645.149",tim,GSM,9.1550,45.4509
"645.43254",tim,GSM,9.1552,45.4513
"648.151",tim,GSM,9.2065,45.4872
"650.151",tim,GSM,9.1864,45.4836
"6507.101",tim,GSM,9.1207,45.4026
"651.151",tim,GSM,9.1711,45.4811
"653.102",tim,GSM,9.2643,45.4809
"666.152",tim,GSM,9.1540,45.4730
"666.43256",tim,GSM,9.1600,45.4747
"669.151",tim,GSM,9.1943,45.4836
"670.151",tim,GSM,9.2065,45.4872
"670.152",tim,GSM,9.1568,45.4645
"670.43256",tim,GSM,9.1548,45.4596
"671.152",tim,GSM,9.1549,45.4604
"671.43256",tim,GSM,9.1573,45.4612
"674.101",tim,GSM,9.0840,45.4492
"674.147",tim,GSM,9.1943,45.4619
"674.102",tim,GSM,9.2531,45.4559
"675.102",tim,GSM,9.2590,45.4549
"677.151",tim,GSM,9.2073,45.4862
"678.148",tim,GSM,9.2054,45.4754
"678.152",tim,GSM,9.1740,45.4699
"679.152",tim,GSM,9.1740,45.4699
"679.146",tim,GSM,9.2040,45.5339
"700.109",tim,GSM,9.0805,45.5158
"718.102",tim,GSM,9.2760,45.4632
"720.152",tim,GSM,9.1440,45.4692
"724.102",tim,GSM,9.2615,45.5197
"725.102",tim,GSM,9.2607,45.5063
"725.101",tim,GSM,9.1219,45.4401
"728.151",tim,GSM,9.2114,45.5260
"729.151",tim,GSM,9.2104,45.5223
"729.152",tim,GSM,9.1620,45.4713
"729.43256",tim,GSM,9.1609,45.4705
"730.149",tim,GSM,9.1553,45.4536
"730.43254",tim,GSM,9.1557,45.4520
"756.157",tim,GSM,9.1250,45.5135
"787.151",tim,GSM,9.1698,45.4978
"849.148",tim,GSM,9.2210,45.4701
"872.157",tim,GSM,9.1369,45.5237
"873.109",tim,GSM,9.1104,45.5213
"880.152",tim,GSM,9.1499,45.4700
"881.152",tim,GSM,9.1500,45.4710
"914.147",tim,GSM,9.1693,45.4528
"958.147",tim,GSM,9.1693,45.4528
"1391.152",tim,GSM,9.1656,45.4792
"500971.10853",tim,LTE,9.2050,45.4866
"501200.24692",tim,LTE,9.1481,45.4261
"500959.24692",tim,LTE,9.1658,45.4273
"500768.10950",tim,LTE,9.2618,45.4314
"500893.10950",tim,LTE,9.2447,45.4571
"500259.10949",tim,LTE,9.2596,45.4049
"502118.10917",tim,LTE,9.1783,45.4335
"500974.24302",tim,LTE,9.1022,45.4999
"500975.10950",tim,LTE,9.2237,45.4432
"500978.10854",tim,LTE,9.1909,45.5134
"500979.24303",tim,LTE,9.2004,45.5069
"501687.24271",tim,LTE,9.1374,45.4665
"500982.10919",tim,LTE,9.1878,45.4843
"501864.24676",tim,LTE,9.1945,45.4677
"501865.10855",tim,LTE,9.1962,45.4879
"501866.24673",tim,LTE,9.1992,45.4686
"501867.10855",tim,LTE,9.2131,45.5169
"501942.24303",tim,LTE,9.0813,45.5205
"502212.24622",tim,LTE,9.0519,45.4316
"502109.24302",tim,LTE,9.2607,45.5108
"501000.24623",tim,LTE,9.0962,45.4620
"502120.10916",tim,LTE,9.2146,45.4625
"501001.24303",tim,LTE,9.1364,45.5120
"501868.24269",tim,LTE,9.1894,45.4823
"501002.10950",tim,LTE,9.2323,45.4388
"501869.24676",tim,LTE,9.1881,45.4692
"501870.10919",tim,LTE,9.1876,45.4719
"501003.10917",tim,LTE,9.2067,45.4350
"501871.10919",tim,LTE,9.2080,45.4763
"501872.24269",tim,LTE,9.1928,45.5018
"501004.24269",tim,LTE,9.1709,45.4857
"501006.24272",tim,LTE,9.1763,45.5033
"501008.24304",tim,LTE,9.1240,45.4998
"501009.24303",tim,LTE,9.1933,45.5208
"501010.24308",tim,LTE,9.1166,45.5212
"501097.10919",tim,LTE,9.2021,45.4783
"501018.10916",tim,LTE,9.2089,45.4658
"501020.24692",tim,LTE,9.1753,45.4094
"501873.24271",tim,LTE,9.1515,45.4853
"501027.24674",tim,LTE,9.1869,45.4636
"501028.10917",tim,LTE,9.1956,45.4495
"501029.10919",tim,LTE,9.2070,45.4705
"501030.10950",tim,LTE,9.2478,45.4813
"501031.24303",tim,LTE,9.2241,45.5120
"501034.24621",tim,LTE,9.0906,45.4445
"501035.10917",tim,LTE,9.1887,45.4497
"501037.24621",tim,LTE,9.0985,45.4393
"501945.24305",tim,LTE,9.0787,45.5192
"501946.24303",tim,LTE,9.0829,45.5175
"501049.10917",tim,LTE,9.1763,45.4299
"501947.24305",tim,LTE,9.0734,45.5210
"501050.24308",tim,LTE,9.1480,45.5169
"501051.24272",tim,LTE,9.1598,45.5068
"501948.24303",tim,LTE,9.0767,45.5220
"501053.10916",tim,LTE,9.2079,45.4513
"501054.10916",tim,LTE,9.2235,45.4567
"501880.24675",tim,LTE,9.1867,45.4642
"501881.24673",tim,LTE,9.1983,45.4698
"501056.10916",tim,LTE,9.2161,45.4367
"501058.24303",tim,LTE,9.2251,45.5068
"501066.10916",tim,LTE,9.2120,45.4572
"501067.10917",tim,LTE,9.2073,45.4444
"501068.10919",tim,LTE,9.1876,45.4726
"501075.24692",tim,LTE,9.1990,45.4263
"501076.24271",tim,LTE,9.1395,45.4643
"501902.10950",tim,LTE,9.2384,45.4338
"503183.24304",tim,LTE,9.1223,45.4775
"501087.24303",tim,LTE,9.2214,45.4859
"501088.24271",tim,LTE,9.1572,45.4743
"501090.24308",tim,LTE,9.1614,45.5286
"501091.10916",tim,LTE,9.2177,45.4642
"501094.10916",tim,LTE,9.1684,45.4530
"501096.24271",tim,LTE,9.1371,45.4728
"501907.24674",tim,LTE,9.1921,45.4603
"501908.24673",tim,LTE,9.2118,45.4480
"501909.24674",tim,LTE,9.1906,45.4591
"501952.24303",tim,LTE,9.0823,45.5202
"501953.24303",tim,LTE,9.0757,45.5196
"501259.10918",tim,LTE,9.1562,45.4375
"500681.24692",tim,LTE,9.1533,45.4079
"501117.10918",tim,LTE,9.1447,45.4468
"501118.24272",tim,LTE,9.1481,45.4947
"502073.24308",tim,LTE,9.1696,45.5225
"501911.24270",tim,LTE,9.1577,45.4627
"501127.10919",tim,LTE,9.1938,45.4780
"501137.24304",tim,LTE,9.1373,45.4995
"501138.24302",tim,LTE,9.2632,45.5066
"501139.24621",tim,LTE,9.1075,45.4608
"502032.24271",tim,LTE,9.1582,45.4775
"501154.24303",tim,LTE,9.2094,45.5115
"501156.24303",tim,LTE,9.2355,45.4848
"501158.10918",tim,LTE,9.1415,45.4379
"501691.24302",tim,LTE,9.2406,45.5279
"501168.24304",tim,LTE,9.1735,45.5187
"502075.10919",tim,LTE,9.2040,45.4703
"501186.10854",tim,LTE,9.1831,45.4962
"501187.24621",tim,LTE,9.1220,45.4578
"501188.10917",tim,LTE,9.2006,45.4570
"501189.10916",tim,LTE,9.2189,45.4480
"501193.24304",tim,LTE,9.0951,45.5133
"501198.24303",tim,LTE,9.2166,45.4798
"501199.24270",tim,LTE,9.1699,45.4662
"501201.24269",tim,LTE,9.2092,45.4886
"501202.24270",tim,LTE,9.1768,45.4803
"501203.24303",tim,LTE,9.2033,45.5239
"501204.10950",tim,LTE,9.2441,45.4519
"502077.10916",tim,LTE,9.2133,45.4519
"501207.10852",tim,LTE,9.2166,45.4951
"501219.24272",tim,LTE,9.1689,45.4991
"501229.24675",tim,LTE,9.1936,45.4626
"501240.24689",tim,LTE,9.1604,45.4024
"501244.24621",tim,LTE,9.0937,45.4500
"501247.24302",tim,LTE,9.1094,45.4901
"501250.24675",tim,LTE,9.1913,45.4632
"501912.10917",tim,LTE,9.1803,45.4419
"501258.10917",tim,LTE,9.2167,45.4738
"501260.10919",tim,LTE,9.1960,45.4724
"501261.24272",tim,LTE,9.1824,45.4854
"501277.10855",tim,LTE,9.1977,45.5001
"501278.10919",tim,LTE,9.2030,45.4625
"500001.24673",tim,LTE,9.1997,45.4671
"500003.24271",tim,LTE,9.1528,45.4913
"500004.10855",tim,LTE,9.2007,45.5125
"500005.10950",tim,LTE,9.2452,45.4864
"500011.24674",tim,LTE,9.1833,45.4651
"502295.24305",tim,LTE,9.0412,45.4729
"500012.24674",tim,LTE,9.1851,45.4651
"500014.10853",tim,LTE,9.2125,45.4778
"500016.24303",tim,LTE,9.1692,45.5146
"500017.10918",tim,LTE,9.1862,45.4586
"500018.24269",tim,LTE,9.2023,45.4884
"500020.24269",tim,LTE,9.1758,45.4684
"500021.10918",tim,LTE,9.1501,45.4360
"500023.24272",tim,LTE,9.1831,45.4911
"500027.24303",tim,LTE,9.2165,45.4871
"500052.24270",tim,LTE,9.1518,45.4561
"500055.10854",tim,LTE,9.1787,45.5124
"500056.24269",tim,LTE,9.1747,45.4633
"500058.24271",tim,LTE,9.1663,45.4707
"500065.10918",tim,LTE,9.1512,45.4435
"500067.10917",tim,LTE,9.2001,45.4417
"500068.10918",tim,LTE,9.1732,45.4435
"500075.10916",tim,LTE,9.2119,45.4701
"500078.24269",tim,LTE,9.1905,45.4990
"500079.24272",tim,LTE,9.1651,45.4837
"500085.24676",tim,LTE,9.1900,45.4681
"500087.24303",tim,LTE,9.2085,45.4965
"502103.24676",tim,LTE,9.1891,45.4655
"500121.10917",tim,LTE,9.1773,45.4372
"500122.24692",tim,LTE,9.1780,45.4180
"501878.24303",tim,LTE,9.2262,45.5168
"500127.24303",tim,LTE,9.1526,45.5243
"500130.24676",tim,LTE,9.1862,45.4682
"501293.24302",tim,LTE,9.2323,45.5236
"500134.10916",tim,LTE,9.2153,45.4408
"500136.24271",tim,LTE,9.1509,45.4801
"500137.24270",tim,LTE,9.1697,45.4608
"500140.24304",tim,LTE,9.1151,45.5013
"500143.24272",tim,LTE,9.1579,45.4883
"500144.24272",tim,LTE,9.1583,45.4990
"500145.24272",tim,LTE,9.1830,45.5107
"501299.24304",tim,LTE,9.1176,45.4846
"500148.10916",tim,LTE,9.2216,45.4677
"501300.10918",tim,LTE,9.1765,45.4582
"500152.24269",tim,LTE,9.2027,45.4838
"500153.24272",tim,LTE,9.1661,45.5097
"501301.24269",tim,LTE,9.2019,45.4954
"500154.10918",tim,LTE,9.1617,45.4511
"500159.10917",tim,LTE,9.2069,45.4542
"501302.10919",tim,LTE,9.2064,45.4627
"500160.10917",tim,LTE,9.1881,45.4554
"500172.24271",tim,LTE,9.1528,45.4810
"500177.24303",tim,LTE,9.0758,45.5200
"501303.10919",tim,LTE,9.1876,45.4784
"501304.24269",tim,LTE,9.2072,45.4853
"500180.24305",tim,LTE,9.0770,45.5226
"501305.10917",tim,LTE,9.1940,45.4570
"500181.24307",tim,LTE,9.0831,45.5205
"500182.24691",tim,LTE,9.1421,45.4022
"501306.24269",tim,LTE,9.1743,45.4978
"500183.24622",tim,LTE,9.0702,45.4582
"500188.10916",tim,LTE,9.2199,45.4523
"500190.10916",tim,LTE,9.2306,45.4740
"501308.24271",tim,LTE,9.1445,45.4830
"500191.24269",tim,LTE,9.1676,45.4829
"500193.24689",tim,LTE,9.2094,45.4091
"500194.24304",tim,LTE,9.1249,45.4906
"501310.10950",tim,LTE,9.2460,45.4701
"500198.10950",tim,LTE,9.2424,45.4440
"500199.24269",tim,LTE,9.1908,45.4926
"500201.24676",tim,LTE,9.1841,45.4657
"500205.24307",tim,LTE,9.0909,45.5238
"500215.24622",tim,LTE,9.0867,45.4632
"501314.24303",tim,LTE,9.2296,45.4873
"500231.24303",tim,LTE,9.2076,45.5044
"501315.24303",tim,LTE,9.2277,45.4936
"501316.10916",tim,LTE,9.2213,45.4613
"500268.24301",tim,LTE,9.2231,45.5295
"501317.24304",tim,LTE,9.1309,45.5086
"501318.24675",tim,LTE,9.1923,45.4659
"501052.24270",tim,LTE,9.1653,45.4594
"501319.24272",tim,LTE,9.1842,45.5040
"501095.10918",tim,LTE,9.1634,45.4441
"501105.10918",tim,LTE,9.1588,45.4475
"500250.24303",tim,LTE,9.1755,45.5287
"501327.24303",tim,LTE,9.2206,45.5006
"500261.24301",tim,LTE,9.2062,45.5363
"501331.24305",tim,LTE,9.0616,45.4656
"501337.9057",tim,LTE,9.1247,45.4781
"500276.24302",tim,LTE,9.2460,45.5311
"500279.24302",tim,LTE,9.2380,45.5406
"501339.10853",tim,LTE,9.2255,45.4797
"501340.10855",tim,LTE,9.2218,45.4921
"501341.24271",tim,LTE,9.1434,45.4767
"501925.24270",tim,LTE,9.1545,45.4603
"501926.24303",tim,LTE,9.2299,45.5055
"500321.24272",tim,LTE,9.1757,45.4681
"500322.24673",tim,LTE,9.2033,45.4849
"500323.24675",tim,LTE,9.1885,45.4640
"500324.24675",tim,LTE,9.2384,45.4338
"500327.24676",tim,LTE,9.1857,45.4980
"500328.24675",tim,LTE,9.0953,45.5061
"500334.24305",tim,LTE,9.0707,45.5182
"500329.24674",tim,LTE,9.1697,45.4527
"500330.24674",tim,LTE,9.1698,45.4528
"500332.24673",tim,LTE,9.2207,45.5006
"500340.24302",tim,LTE,9.2325,45.5330
"501357.10949",tim,LTE,9.2717,45.4208
"500344.24306",tim,LTE,9.0481,45.5346
"500346.24307",tim,LTE,9.0739,45.5265
"501361.24304",tim,LTE,9.1230,45.4781
"500363.24305",tim,LTE,9.0842,45.5149
"500387.24302",tim,LTE,9.2463,45.5388
"500404.24302",tim,LTE,9.2639,45.5253
"501382.24302",tim,LTE,9.0728,45.4702
"502296.24305",tim,LTE,9.0583,45.4840
"500433.24306",tim,LTE,9.0517,45.5194
"501396.24308",tim,LTE,9.1230,45.5329
"501400.24674",tim,LTE,9.1762,45.4680
"501401.24673",tim,LTE,9.2038,45.4857
"500451.24306",tim,LTE,9.0436,45.5300
"501405.10917",tim,LTE,9.2030,45.4548
"501407.24304",tim,LTE,9.1212,45.4716
"501408.10919",tim,LTE,9.1829,45.4719
"501409.10853",tim,LTE,9.2195,45.4781
"501410.24271",tim,LTE,9.1456,45.4911
"501412.24675",tim,LTE,9.1913,45.4659
"501413.24304",tim,LTE,9.1144,45.4702
"501414.10853",tim,LTE,9.2070,45.4823
"501416.24271",tim,LTE,9.1624,45.4876
"501417.10917",tim,LTE,9.2056,45.4576
"501418.10918",tim,LTE,9.1820,45.4593
"501419.24673",tim,LTE,9.1976,45.4636
"500505.24304",tim,LTE,9.1244,45.4788
"500506.24302",tim,LTE,9.1235,45.4774
"500507.24308",tim,LTE,9.1300,45.5388
"503179.24304",tim,LTE,9.1228,45.4782
"500595.24674",tim,LTE,9.1913,45.4615
"500598.24303",tim,LTE,9.2214,45.5208
"500599.24304",tim,LTE,9.1149,45.5146
"500608.24301",tim,LTE,9.1935,45.5327
"502112.24270",tim,LTE,9.1766,45.4828
"501461.24271",tim,LTE,9.1517,45.4684
"500627.24307",tim,LTE,9.1050,45.5220
"500631.24304",tim,LTE,9.0681,45.4924
"500646.24305",tim,LTE,9.0835,45.4750
"501472.10919",tim,LTE,9.1845,45.4772
"501473.10919",tim,LTE,9.2002,45.4611
"501474.24674",tim,LTE,9.1881,45.4607
"501475.24269",tim,LTE,9.1763,45.4684
"501476.24673",tim,LTE,9.2018,45.4661
"501477.24675",tim,LTE,9.1936,45.4653
"501478.24676",tim,LTE,9.1928,45.4702
"501479.10919",tim,LTE,9.1948,45.4757
"501481.24673",tim,LTE,9.2037,45.4839
"501482.10919",tim,LTE,9.1875,45.4803
"501483.24673",tim,LTE,9.1978,45.4663
"500670.10917",tim,LTE,9.1847,45.4381
"500693.10854",tim,LTE,9.1852,45.4940
"500694.10916",tim,LTE,9.2304,45.4628
"500695.10916",tim,LTE,9.1932,45.4576
"500696.24674",tim,LTE,9.1774,45.4659
"500697.24303",tim,LTE,9.2147,45.4840
"500707.24676",tim,LTE,9.2061,45.4747
"500711.10853",tim,LTE,9.2050,45.4857
"500714.24621",tim,LTE,9.1092,45.4315
"500738.10855",tim,LTE,9.2117,45.5183
"500763.24621",tim,LTE,9.0898,45.4279
"500773.24621",tim,LTE,9.1166,45.4215
"501514.24304",tim,LTE,9.1244,45.4795
"500782.24308",tim,LTE,9.1393,45.5336
"500790.24270",tim,LTE,9.1572,45.4675
"500792.24621",tim,LTE,9.0952,45.4453
"500793.24692",tim,LTE,9.1971,45.4322
"500815.10918",tim,LTE,9.1814,45.4607
"500820.10948",tim,LTE,9.2779,45.4623
"501886.24270",tim,LTE,9.1472,45.4551
"501233.10916",tim,LTE,9.2349,45.4618
"500825.24305",tim,LTE,9.0610,45.5112
"502305.24621",tim,LTE,9.0780,45.4166
"242.61225",tim,UMTS,9.1838,45.4711
"2019.61233",tim,UMTS,9.1516,45.4190
"2955.61228",tim,UMTS,9.0764,45.4626
"2558.61218",tim,UMTS,9.0729,45.4185
"2597.61218",tim,UMTS,9.1248,45.4352
"2597.61229",tim,UMTS,9.1456,45.4925
"2598.61224",tim,UMTS,9.1993,45.4659
"3127.61212",tim,UMTS,9.2126,45.4429
"4134.61218",tim,UMTS,9.1135,45.4276
"2283.61228",tim,UMTS,9.1401,45.5331
"563.61229",tim,UMTS,9.1647,45.5086
"2586.61229",tim,UMTS,9.1603,45.4986
"2588.61218",tim,UMTS,9.1230,45.4568
"2588.61225",tim,UMTS,9.1660,45.4368
"2588.61233",tim,UMTS,9.1614,45.4328
"100.61220",tim,UMTS,9.2039,45.5172
"101.61220",tim,UMTS,9.2029,45.5114
"101.61228",tim,UMTS,9.2240,45.4808
"1013.61225",tim,UMTS,9.2486,45.4621
"102.61208",tim,UMTS,9.1839,45.4659
"102.61229",tim,UMTS,9.1444,45.4731
"102.61211",tim,UMTS,9.1455,45.4684
"102.61228",tim,UMTS,9.1117,45.4769
"28.61228",tim,UMTS,9.2237,45.4968
"103.61211",tim,UMTS,9.1553,45.4677
"103.61229",tim,UMTS,9.1551,45.4675
"1033.61218",tim,UMTS,9.0479,45.4373
"104.61202",tim,UMTS,9.0600,45.5166
"104.61211",tim,UMTS,9.1612,45.4771
"104.61224",tim,UMTS,9.1331,45.4984
"104.61228",tim,UMTS,9.1307,45.5010
"104.61229",tim,UMTS,9.1605,45.4765
"105.61211",tim,UMTS,9.1767,45.4689
"105.61220",tim,UMTS,9.2015,45.4880
"105.61228",tim,UMTS,9.1773,45.5196
"105.61229",tim,UMTS,9.1760,45.4682
"106.61220",tim,UMTS,9.1767,45.4086
"106.61224",tim,UMTS,9.2126,45.4924
"106.61225",tim,UMTS,9.1967,45.4724
"107.61205",tim,UMTS,9.1849,45.4450
"107.61208",tim,UMTS,9.1856,45.4778
"107.61220",tim,UMTS,9.2170,45.4858
"107.61225",tim,UMTS,9.1903,45.4484
"310.61229",tim,UMTS,9.1549,45.4630
"1075.61229",tim,UMTS,9.1650,45.4663
"108.61220",tim,UMTS,9.2216,45.4885
"108.61225",tim,UMTS,9.2063,45.4635
"108.61229",tim,UMTS,9.1674,45.4596
"2906.61228",tim,UMTS,9.2201,45.5403
"109.61220",tim,UMTS,9.2230,45.5184
"109.61224",tim,UMTS,9.2364,45.4493
"109.61225",tim,UMTS,9.2373,45.4533
"109.61228",tim,UMTS,9.2266,45.5188
"2906.61220",tim,UMTS,9.2134,45.5293
"110.61220",tim,UMTS,9.2038,45.4818
"1103.61225",tim,UMTS,9.2042,45.4567
"1105.61229",tim,UMTS,9.1465,45.4547
"1106.61229",tim,UMTS,9.1466,45.4548
"1107.61224",tim,UMTS,9.2393,45.4333
"1107.61232",tim,UMTS,9.2388,45.4337
"1108.61224",tim,UMTS,9.2372,45.4339
"111.61205",tim,UMTS,9.1809,45.4438
"111.61220",tim,UMTS,9.2281,45.4984
"111.61225",tim,UMTS,9.1794,45.4480
"111.61229",tim,UMTS,9.1714,45.5076
"1113.61218",tim,UMTS,9.0808,45.4564
"1113.61228",tim,UMTS,9.0765,45.4618
"1119.61218",tim,UMTS,9.1051,45.4111
"1119.61233",tim,UMTS,9.1061,45.4107
"112.61224",tim,UMTS,9.2238,45.5270
"112.61228",tim,UMTS,9.2243,45.5307
"112.61229",tim,UMTS,9.1672,45.5082
"113.61205",tim,UMTS,9.1949,45.4465
"113.61224",tim,UMTS,9.1360,45.5156
"113.61225",tim,UMTS,9.1943,45.4465
"113.61228",tim,UMTS,9.1079,45.5175
"114.61211",tim,UMTS,9.1633,45.4629
"114.61228",tim,UMTS,9.0758,45.5214
"114.61229",tim,UMTS,9.1608,45.4569
"1146.61228",tim,UMTS,9.0751,45.5209
"1147.61228",tim,UMTS,9.0743,45.5203
"115.61220",tim,UMTS,9.1865,45.4956
"1152.61228",tim,UMTS,9.0741,45.5228
"1153.61228",tim,UMTS,9.0737,45.5234
"1158.61228",tim,UMTS,9.1291,45.5201
"1158.61230",tim,UMTS,9.1349,45.5226
"1159.61228",tim,UMTS,9.1293,45.5202
"116.61205",tim,UMTS,9.2003,45.4381
"116.61225",tim,UMTS,9.1985,45.4367
"117.61228",tim,UMTS,9.2298,45.4868
"1178.61228",tim,UMTS,9.0516,45.5137
"118.61220",tim,UMTS,9.2103,45.4883
"119.61220",tim,UMTS,9.2263,45.4834
"119.61225",tim,UMTS,9.2185,45.4768
"119.61224",tim,UMTS,9.2420,45.4805
"1199.61228",tim,UMTS,9.1461,45.4926
"120.61220",tim,UMTS,9.2090,45.4915
"120.61224",tim,UMTS,9.2244,45.4403
"120.61225",tim,UMTS,9.2059,45.4473
"1200.61228",tim,UMTS,9.1398,45.4897
"1200.61229",tim,UMTS,9.1448,45.4856
"121.61211",tim,UMTS,9.1686,45.4805
"121.61218",tim,UMTS,9.1287,45.4617
"121.61220",tim,UMTS,9.2220,45.4814
"121.61229",tim,UMTS,9.1670,45.4793
"122.61211",tim,UMTS,9.1733,45.4625
"122.61218",tim,UMTS,9.1046,45.4629
"122.61228",tim,UMTS,9.1146,45.5106
"122.61224",tim,UMTS,9.1286,45.5269
"122.61229",tim,UMTS,9.1741,45.4628
"123.61202",tim,UMTS,9.0665,45.4908
"123.61205",tim,UMTS,9.1600,45.4461
"123.61220",tim,UMTS,9.2136,45.4746
"123.61225",tim,UMTS,9.1581,45.4480
"123.61228",tim,UMTS,9.0606,45.5308
"124.61211",tim,UMTS,9.1719,45.4823
"1248.61208",tim,UMTS,9.1906,45.4643
"1248.61218",tim,UMTS,9.0899,45.4157
"1248.61232",tim,UMTS,9.1902,45.4662
"1249.61205",tim,UMTS,9.1563,45.4497
"1249.61208",tim,UMTS,9.1866,45.4586
"1249.61225",tim,UMTS,9.1596,45.4463
"1249.61229",tim,UMTS,9.1546,45.4523
"1249.61228",tim,UMTS,9.0594,45.5358
"1249.61232",tim,UMTS,9.1848,45.4611
"125.61225",tim,UMTS,9.2228,45.4757
"126.61211",tim,UMTS,9.1570,45.4900
"126.61224",tim,UMTS,9.1727,45.5325
"126.61228",tim,UMTS,9.1800,45.5291
"1260.61205",tim,UMTS,9.1652,45.4387
"1511.61229",tim,UMTS,9.1607,45.4840
"651.61229",tim,UMTS,9.1603,45.4815
"127.61218",tim,UMTS,9.1302,45.4590
"127.61220",tim,UMTS,9.2370,45.4814
"127.61225",tim,UMTS,9.1496,45.4433
"1273.61220",tim,UMTS,9.1882,45.5013
"3123.61228",tim,UMTS,9.1327,45.4940
"2017.61220",tim,UMTS,9.2138,45.5196
"128.61220",tim,UMTS,9.2014,45.5079
"2017.61228",tim,UMTS,9.2143,45.5202
"1280.61220",tim,UMTS,9.1908,45.4982
"2018.61229",tim,UMTS,9.1446,45.4716
"1281.61225",tim,UMTS,9.1799,45.4510
"1281.61220",tim,UMTS,9.1945,45.4921
"1282.61229",tim,UMTS,9.1463,45.4665
"2019.61220",tim,UMTS,9.2380,45.5005
"1285.61211",tim,UMTS,9.1631,45.4721
"1286.61205",tim,UMTS,9.1513,45.4506
"1286.61211",tim,UMTS,9.1592,45.4669
"1286.61225",tim,UMTS,9.1530,45.4514
"1286.61229",tim,UMTS,9.1632,45.4697
"2020.61220",tim,UMTS,9.2089,45.5114
"2020.61228",tim,UMTS,9.2109,45.5107
"1287.61225",tim,UMTS,9.1873,45.4456
"1288.61225",tim,UMTS,9.1993,45.4779
"1288.61229",tim,UMTS,9.1691,45.4898
"1289.61220",tim,UMTS,9.1909,45.4891
"2021.61225",tim,UMTS,9.2045,45.4572
"2021.61229",tim,UMTS,9.1505,45.4990
"1289.61225",tim,UMTS,9.2058,45.4701
"129.61220",tim,UMTS,9.2084,45.4807
"129.61225",tim,UMTS,9.1744,45.4439
"129.61228",tim,UMTS,9.2009,45.5062
"1290.61229",tim,UMTS,9.1707,45.4698
"130.61220",tim,UMTS,9.2054,45.4791
"130.61224",tim,UMTS,9.1855,45.4928
"131.61212",tim,UMTS,9.2151,45.4568
"131.61225",tim,UMTS,9.2140,45.4552
"132.61224",tim,UMTS,9.2512,45.4214
"1343.61220",tim,UMTS,9.2159,45.4677
"1345.61211",tim,UMTS,9.1621,45.4790
"1345.61225",tim,UMTS,9.1831,45.4707
"1346.61220",tim,UMTS,9.2038,45.4798
"1347.61220",tim,UMTS,9.1629,45.4802
"1347.61229",tim,UMTS,9.1670,45.4931
"1360.61208",tim,UMTS,9.1887,45.4647
"1361.61208",tim,UMTS,9.1887,45.4647
"1365.61232",tim,UMTS,9.1974,45.4669
"1368.61208",tim,UMTS,9.1916,45.4520
"1368.61225",tim,UMTS,9.1928,45.4516
"1379.61224",tim,UMTS,9.2699,45.4274
"1379.61232",tim,UMTS,9.2387,45.4336
"1379.61233",tim,UMTS,9.1461,45.4029
"1381.61220",tim,UMTS,9.2076,45.4957
"1382.61232",tim,UMTS,9.0862,45.5180
"1404.61228",tim,UMTS,9.1110,45.5210
"1416.61225",tim,UMTS,9.1923,45.4514
"1427.61220",tim,UMTS,9.2144,45.4732
"1427.61225",tim,UMTS,9.2023,45.4700
"1436.61228",tim,UMTS,9.0734,45.5229
"1437.61212",tim,UMTS,9.2744,45.4013
"1437.61224",tim,UMTS,9.2736,45.4020
"1437.61233",tim,UMTS,9.2397,45.4059
"2558.61228",tim,UMTS,9.2395,45.5287
"1438.61202",tim,UMTS,9.0641,45.5033
"1438.61228",tim,UMTS,9.0611,45.5126
"1439.61212",tim,UMTS,9.2239,45.4628
"1439.61224",tim,UMTS,9.2645,45.4121
"1439.61228",tim,UMTS,9.0930,45.5145
"144.61220",tim,UMTS,9.2062,45.4976
"144.61229",tim,UMTS,9.1878,45.5017
"144.61228",tim,UMTS,9.2292,45.4920
"1441.61228",tim,UMTS,9.0603,45.5179
"2558.61233",tim,UMTS,9.1730,45.4063
"1453.61228",tim,UMTS,9.0907,45.5205
"1457.61228",tim,UMTS,9.0522,45.5281
"1463.61224",tim,UMTS,9.1018,45.5403
"1463.61228",tim,UMTS,9.1472,45.5259
"1464.61228",tim,UMTS,9.0430,45.5254
"1468.61208",tim,UMTS,9.1853,45.4653
"1468.61232",tim,UMTS,9.1854,45.4647
"1469.61208",tim,UMTS,9.2101,45.4751
"1469.61220",tim,UMTS,9.1957,45.4807
"1470.61220",tim,UMTS,9.1890,45.4836
"1471.61232",tim,UMTS,9.1987,45.4682
"1477.61208",tim,UMTS,9.1839,45.4659
"1478.61228",tim,UMTS,9.2468,45.5311
"1479.61224",tim,UMTS,9.2423,45.4572
"1479.61225",tim,UMTS,9.2392,45.4595
"1480.61205",tim,UMTS,9.1628,45.4287
"1480.61220",tim,UMTS,9.1922,45.5136
"1480.61225",tim,UMTS,9.2171,45.4635
"1480.61232",tim,UMTS,9.1970,45.4613
"1480.61233",tim,UMTS,9.1597,45.4243
"1481.61228",tim,UMTS,9.1373,45.5240
"1482.61205",tim,UMTS,9.1546,45.4547
"1482.61225",tim,UMTS,9.1778,45.4585
"1482.61229",tim,UMTS,9.1532,45.4547
"1483.61205",tim,UMTS,9.1857,45.4458
"1483.61218",tim,UMTS,9.1196,45.4447
"1483.61225",tim,UMTS,9.1859,45.4479
"1484.61228",tim,UMTS,9.2314,45.5270
"1495.61228",tim,UMTS,9.1111,45.5153
"1498.61229",tim,UMTS,9.1656,45.4698
"1504.61205",tim,UMTS,9.1637,45.4125
"1504.61225",tim,UMTS,9.1793,45.4474
"1505.61220",tim,UMTS,9.2117,45.5176
"1505.61225",tim,UMTS,9.1796,45.4476
"1505.61228",tim,UMTS,9.2113,45.5154
"1506.61205",tim,UMTS,9.1788,45.4422
"1506.61208",tim,UMTS,9.2034,45.4536
"1506.61225",tim,UMTS,9.1886,45.4484
"575.61211",tim,UMTS,9.1662,45.4800
"1510.61208",tim,UMTS,9.2058,45.4500
"1510.61211",tim,UMTS,9.1565,45.4804
"1510.61229",tim,UMTS,9.1602,45.4739
"1511.61211",tim,UMTS,9.1532,45.4780
"152.61220",tim,UMTS,9.1949,45.4968
"1536.61205",tim,UMTS,9.1863,45.4466
"1536.61225",tim,UMTS,9.1939,45.4463
"1537.61225",tim,UMTS,9.1821,45.4685
"1538.61229",tim,UMTS,9.1460,45.4711
"1540.61211",tim,UMTS,9.1633,45.4553
"1541.61211",tim,UMTS,9.1591,45.4657
"1541.61220",tim,UMTS,9.1975,45.4913
"1542.61220",tim,UMTS,9.1862,45.4958
"1543.61211",tim,UMTS,9.1569,45.4571
"1543.61229",tim,UMTS,9.1582,45.4588
"1544.61211",tim,UMTS,9.1705,45.4562
"1544.61225",tim,UMTS,9.1722,45.4565
"1544.61229",tim,UMTS,9.1701,45.4577
"1545.61225",tim,UMTS,9.2044,45.4571
"1546.61212",tim,UMTS,9.2063,45.4525
"1548.61220",tim,UMTS,9.2069,45.4866
"1548.61228",tim,UMTS,9.1198,45.5370
"1549.61220",tim,UMTS,9.2111,45.4831
"155.61220",tim,UMTS,9.1867,45.4975
"155.61228",tim,UMTS,9.1239,45.4924
"1550.61211",tim,UMTS,9.1513,45.4744
"1550.61229",tim,UMTS,9.1509,45.4757
"1552.61208",tim,UMTS,9.1897,45.4626
"1553.61208",tim,UMTS,9.1829,45.4505
"1553.61211",tim,UMTS,9.1503,45.4908
"1553.61225",tim,UMTS,9.1738,45.4552
"1553.61229",tim,UMTS,9.1509,45.4891
"1554.61211",tim,UMTS,9.1650,45.4809
"1554.61225",tim,UMTS,9.1770,45.4479
"1554.61229",tim,UMTS,9.1687,45.4878
"1555.61220",tim,UMTS,9.1904,45.4922
"1558.61208",tim,UMTS,9.2046,45.4541
"1559.61211",tim,UMTS,9.1443,45.4720
"1559.61229",tim,UMTS,9.1442,45.4736
"156.61220",tim,UMTS,9.2217,45.5025
"1560.61208",tim,UMTS,9.1839,45.4659
"1560.61225",tim,UMTS,9.2054,45.4586
"1560.61232",tim,UMTS,9.1844,45.4653
"1561.61211",tim,UMTS,9.1631,45.4720
"1561.61229",tim,UMTS,9.1671,45.4792
"1562.61211",tim,UMTS,9.1647,45.4750
"1563.61220",tim,UMTS,9.2140,45.4801
"1564.61220",tim,UMTS,9.2163,45.4834
"1565.61208",tim,UMTS,9.1984,45.4599
"1567.61229",tim,UMTS,9.1511,45.4800
"1568.61211",tim,UMTS,9.1429,45.4798
"1568.61220",tim,UMTS,9.2013,45.4883
"1568.61229",tim,UMTS,9.1432,45.4795
"1569.61211",tim,UMTS,9.1746,45.4680
"1569.61229",tim,UMTS,9.1759,45.4678
"157.61220",tim,UMTS,9.2178,45.4968
"100.10059",vodafone,GSM,9.0846,45.5146
"100.10016",vodafone,GSM,9.0596,45.5138
"1029.10014",vodafone,GSM,9.1599,45.5010
"1029.10013",vodafone,GSM,9.1604,45.4837
"1061.10014",vodafone,GSM,9.1685,45.5166
"1076.10022",vodafone,GSM,9.2522,45.4744
"110.10002",vodafone,GSM,9.0805,45.4219
"1154.10013",vodafone,GSM,9.1604,45.4831
"1161.10022",vodafone,GSM,9.2427,45.4707
"1163.10019",vodafone,GSM,9.2067,45.4872
"1166.10019",vodafone,GSM,9.2381,45.4818
"1169.10015",vodafone,GSM,9.2368,45.4398
"117.10002",vodafone,GSM,9.0527,45.5298
"117.10028",vodafone,GSM,9.0612,45.5262
"1171.10015",vodafone,GSM,9.2378,45.4663
"1172.10022",vodafone,GSM,9.2534,45.4917
"1173.10013",vodafone,GSM,9.1605,45.4833
"1181.10022",vodafone,GSM,9.2557,45.4115
"122.10059",vodafone,GSM,9.1077,45.5297
"126.10022",vodafone,GSM,9.2684,45.5299
"1275.10015",vodafone,GSM,9.1452,45.4696
"1280.10019",vodafone,GSM,9.2105,45.4919
"1286.10022",vodafone,GSM,9.2379,45.4697
"1288.10013",vodafone,GSM,9.1984,45.4596
"1290.10019",vodafone,GSM,9.2137,45.5179
"1291.10015",vodafone,GSM,9.2377,45.4378
"1292.10022",vodafone,GSM,9.2326,45.5264
"1293.10014",vodafone,GSM,9.1938,45.4870
"1294.10059",vodafone,GSM,9.1498,45.5235
"1295.10059",vodafone,GSM,9.0952,45.5095
"13.10013",vodafone,GSM,9.1824,45.5077
"1311.10015",vodafone,GSM,9.1602,45.4846
"1322.10015",vodafone,GSM,9.2164,45.4255
"133.10034",vodafone,GSM,9.2666,45.4747
"1335.10016",vodafone,GSM,9.1380,45.5025
"1335.10059",vodafone,GSM,9.1348,45.5024
"1338.10021",vodafone,GSM,9.1678,45.4720
"1339.10013",vodafone,GSM,9.1833,45.4657
"134.10002",vodafone,GSM,9.0759,45.4295
"1340.10022",vodafone,GSM,9.1997,45.4941
"1341.10022",vodafone,GSM,9.2063,45.5167
"1344.10013",vodafone,GSM,9.1856,45.4608
"136.10059",vodafone,GSM,9.1398,45.5363
"14.10015",vodafone,GSM,9.2287,45.4244
"1409.10008",vodafone,GSM,9.1901,45.4837
"1413.10022",vodafone,GSM,9.2033,45.4885
"1413.10019",vodafone,GSM,9.2003,45.4860
"1449.10013",vodafone,GSM,9.1802,45.5117
"1454.10059",vodafone,GSM,9.0771,45.4990
"1454.10016",vodafone,GSM,9.0634,45.5085
"1454.10023",vodafone,GSM,9.0669,45.4986
"1471.10016",vodafone,GSM,9.1682,45.5262
"1471.10059",vodafone,GSM,9.1660,45.5243
"1513.10019",vodafone,GSM,9.2115,45.5248
"1513.10022",vodafone,GSM,9.2090,45.5229
"1517.10028",vodafone,GSM,9.0472,45.5375
"16.10022",vodafone,GSM,9.2535,45.4329
"1624.10013",vodafone,GSM,9.1606,45.4829
"1668.10002",vodafone,GSM,9.0750,45.4439
"1676.10028",vodafone,GSM,9.0415,45.5392
"1678.10059",vodafone,GSM,9.0772,45.5138
"1679.10059",vodafone,GSM,9.0884,45.5198
"168.10022",vodafone,GSM,9.2000,45.5055
"169.10014",vodafone,GSM,9.1482,45.4829
"17.10059",vodafone,GSM,9.1063,45.5262
"17.10016",vodafone,GSM,9.1110,45.5117
"172.10002",vodafone,GSM,9.0743,45.4366
"173.10016",vodafone,GSM,9.1339,45.5223
"173.10059",vodafone,GSM,9.1369,45.5218
"1735.10014",vodafone,GSM,9.2027,45.5097
"177.10013",vodafone,GSM,9.1871,45.4679
"18.10059",vodafone,GSM,9.1598,45.5016
"192.10002",vodafone,GSM,9.0761,45.4517
"1945.10014",vodafone,GSM,9.1599,45.5009
"1948.10015",vodafone,GSM,9.1873,45.4840
"2062.10022",vodafone,GSM,9.2379,45.4698
"21.10014",vodafone,GSM,9.1936,45.4872
"2113.10059",vodafone,GSM,9.1101,45.5152
"2185.10002",vodafone,GSM,9.0664,45.4990
"22.10015",vodafone,GSM,9.1465,45.4595
"2222.10022",vodafone,GSM,9.2468,45.4201
"2224.10015",vodafone,GSM,9.1491,45.4599
"2255.10014",vodafone,GSM,9.1503,45.4814
"2333.10021",vodafone,GSM,9.1690,45.4734
"2473.10022",vodafone,GSM,9.2310,45.5381
"26.10019",vodafone,GSM,9.2072,45.4881
"26.10022",vodafone,GSM,9.2100,45.4893
"2749.10013",vodafone,GSM,9.1971,45.4668
"28.10013",vodafone,GSM,9.1602,45.4819
"2828.10022",vodafone,GSM,9.2744,45.4249
"29.10059",vodafone,GSM,9.1208,45.4991
"3.10013",vodafone,GSM,9.1833,45.4657
"30.10002",vodafone,GSM,9.0767,45.4611
"31.10022",vodafone,GSM,9.2615,45.5118
"3174.10013",vodafone,GSM,9.1859,45.4656
"3176.10013",vodafone,GSM,9.2093,45.4787
"3197.10002",vodafone,GSM,9.1216,45.4024
"3197.10003",vodafone,GSM,9.1212,45.4030
"3209.10016",vodafone,GSM,9.1659,45.5316
"3209.10059",vodafone,GSM,9.1625,45.5309
"3211.10016",vodafone,GSM,9.2034,45.5330
"3211.10059",vodafone,GSM,9.1971,45.5319
"3217.10059",vodafone,GSM,9.1246,45.5084
"3218.10016",vodafone,GSM,9.1860,45.5401
"3218.10059",vodafone,GSM,9.1895,45.5393
"3227.10022",vodafone,GSM,9.2607,45.4010
"3244.10002",vodafone,GSM,9.0922,45.4149
"3249.10019",vodafone,GSM,9.2262,45.4959
"3253.10015",vodafone,GSM,9.2368,45.4398
"3254.10022",vodafone,GSM,9.2618,45.5176
"3261.10002",vodafone,GSM,9.0861,45.4186
"3262.10022",vodafone,GSM,9.2619,45.4740
"3263.10002",vodafone,GSM,9.0626,45.5092
"3281.10013",vodafone,GSM,9.1603,45.4820
"3287.10022",vodafone,GSM,9.2661,45.4305
"3288.10002",vodafone,GSM,9.0774,45.4765
"3291.10002",vodafone,GSM,9.0772,45.4652
"3292.10002",vodafone,GSM,9.0765,45.4657
"33.10019",vodafone,GSM,9.2380,45.4819
"3300.10016",vodafone,GSM,9.2181,45.5400
"3300.10059",vodafone,GSM,9.2221,45.5408
"3301.10002",vodafone,GSM,9.0769,45.4540
"3311.10019",vodafone,GSM,9.2107,45.4918
"3319.10014",vodafone,GSM,9.1590,45.4879
"3349.10013",vodafone,GSM,9.1876,45.4652
"34.10002",vodafone,GSM,9.1736,45.4002
"3451.10016",vodafone,GSM,9.0602,45.5340
"3451.10059",vodafone,GSM,9.0590,45.5395
"3457.10059",vodafone,GSM,9.0698,45.5193
"3457.10016",vodafone,GSM,9.0613,45.5122
"3458.10002",vodafone,GSM,9.0595,45.5216
"3458.10028",vodafone,GSM,9.0605,45.5248
"3460.10059",vodafone,GSM,9.0798,45.5376
"3487.10002",vodafone,GSM,9.0605,45.5108
"3487.10028",vodafone,GSM,9.0601,45.5161
"3531.10022",vodafone,GSM,9.2290,45.4245
"3572.10002",vodafone,GSM,9.0763,45.4288
"3575.10002",vodafone,GSM,9.1118,45.4076
"3575.10003",vodafone,GSM,9.1108,45.4076
"3579.10059",vodafone,GSM,9.1373,45.5116
"36.10002",vodafone,GSM,9.0811,45.4211
"3614.10022",vodafone,GSM,9.2553,45.4992
"3634.10022",vodafone,GSM,9.2449,45.4290
"3694.10022",vodafone,GSM,9.2379,45.4698
"3698.10022",vodafone,GSM,9.2649,45.5274
"3699.10003",vodafone,GSM,9.1336,45.3978
"3701.10013",vodafone,GSM,9.1907,45.4643
"3777.10002",vodafone,GSM,9.0777,45.4715
"3972.10002",vodafone,GSM,9.0769,45.4277
"3976.10022",vodafone,GSM,9.2599,45.5068
"3986.10002",vodafone,GSM,9.0783,45.4254
"41.10002",vodafone,GSM,9.0711,45.4829
"43.10022",vodafone,GSM,9.2459,45.5342
"4404.10059",vodafone,GSM,9.1210,45.5343
"4512.10015",vodafone,GSM,9.1528,45.4640
"4514.10019",vodafone,GSM,9.2135,45.5195
"4514.10022",vodafone,GSM,9.2103,45.5180
"4630.10003",vodafone,GSM,9.1316,45.3984
"4731.10022",vodafone,GSM,9.2616,45.5284
"4756.10016",vodafone,GSM,9.0605,45.5236
"4756.10059",vodafone,GSM,9.0793,45.5231
"4769.10013",vodafone,GSM,9.1617,45.4974
"4770.10002",vodafone,GSM,9.0757,45.4310
"4773.10003",vodafone,GSM,9.0986,45.4131
"4777.10002",vodafone,GSM,9.1109,45.4082
"4781.10013",vodafone,GSM,9.1832,45.4657
"4791.10016",vodafone,GSM,9.1375,45.5039
"4791.10059",vodafone,GSM,9.1384,45.5080
"4792.10059",vodafone,GSM,9.1406,45.5245
"4827.10013",vodafone,GSM,9.1872,45.4991
"4837.10013",vodafone,GSM,9.1925,45.4922
"4837.10014",vodafone,GSM,9.1936,45.4872
"4842.10002",vodafone,GSM,9.0622,45.4859
"4877.10008",vodafone,GSM,9.1901,45.4837
"4883.10016",vodafone,GSM,9.1753,45.5362
"4883.10059",vodafone,GSM,9.1787,45.5312
"4902.10022",vodafone,GSM,9.2379,45.4370
"4924.10019",vodafone,GSM,9.2381,45.4815
"4926.10013",vodafone,GSM,9.1861,45.4663
"4931.10059",vodafone,GSM,9.0941,45.5146
"50.10013",vodafone,GSM,9.1602,45.4819
"5016.10019",vodafone,GSM,9.2103,45.5138
"5016.10022",vodafone,GSM,9.2023,45.5095
"5042.10016",vodafone,GSM,9.0598,45.5224
"5042.10059",vodafone,GSM,9.0601,45.5255
"5088.10013",vodafone,GSM,9.1902,45.4616
"5109.10016",vodafone,GSM,9.1748,45.5362
"5109.10059",vodafone,GSM,9.1640,45.5369
"5110.10022",vodafone,GSM,9.2481,45.4144
"5124.10022",vodafone,GSM,9.2023,45.5258
"5133.10019",vodafone,GSM,9.2178,45.5302
"5133.10022",vodafone,GSM,9.2097,45.5298
"5133.10059",vodafone,GSM,9.2151,45.5222
"5135.10022",vodafone,GSM,9.2311,45.5340
"5161.10022",vodafone,GSM,9.2772,45.4983
"5287.10008",vodafone,GSM,9.1968,45.4860
"53.10016",vodafone,GSM,9.1766,45.5202
"53.10059",vodafone,GSM,9.1764,45.5194
"5522.10059",vodafone,GSM,9.0959,45.5310
"6.10019",vodafone,GSM,9.2000,45.4857
"6.10022",vodafone,GSM,9.2071,45.4863
"6076.10014",vodafone,GSM,9.1719,45.4939
"6078.10013",vodafone,GSM,9.1891,45.4602
"6150.10002",vodafone,GSM,9.0762,45.4774
"6415.10059",vodafone,GSM,9.1294,45.5392
"67.10013",vodafone,GSM,9.1888,45.4613
"7.10013",vodafone,GSM,9.1833,45.4657
"71.10013",vodafone,GSM,9.1893,45.4634
"78.10013",vodafone,GSM,9.1872,45.4679
"81.10016",vodafone,GSM,9.1305,45.5011
"81.10059",vodafone,GSM,9.1308,45.4964
"81.10023",vodafone,GSM,9.1473,45.4836
"9.10019",vodafone,GSM,9.2134,45.4944
"94.10019",vodafone,GSM,9.2047,45.4861
"94.10022",vodafone,GSM,9.2070,45.4863
"98.10019",vodafone,GSM,9.2200,45.4979
"3217.10016",vodafone,GSM,9.1243,45.5097
"32.10022",vodafone,GSM,9.2563,45.4524
"5113.10022",vodafone,GSM,9.2642,45.4492
"179.10022",vodafone,GSM,9.2768,45.4465
"20.10022",vodafone,GSM,9.2244,45.5307
"25020.12000",vodafone,LTE,9.1231,45.4780
"26490.12001",vodafone,LTE,9.1279,45.4623
"25028.12035",vodafone,LTE,9.1436,45.4791
"26201.12033",vodafone,LTE,9.1764,45.4523
"25031.12032",vodafone,LTE,9.1850,45.4981
"20156.12035",vodafone,LTE,9.1942,45.4655
"20247.12000",vodafone,LTE,9.1516,45.4879
"21005.12036",vodafone,LTE,9.2092,45.4784
"21505.12020",vodafone,LTE,9.2368,45.5340
"25036.12040",vodafone,LTE,9.2633,45.5065
"25039.12000",vodafone,LTE,9.1063,45.5173
"25071.12046",vodafone,LTE,9.2042,45.4859
"25856.12040",vodafone,LTE,9.2707,45.4618
"26141.13007",vodafone,LTE,9.0728,45.4702
"28890.12001",vodafone,LTE,9.1339,45.4804
"26151.12002",vodafone,LTE,9.1537,45.4672
"26167.12045",vodafone,LTE,9.1725,45.4803
"26191.12033",vodafone,LTE,9.1888,45.4504
"26187.12039",vodafone,LTE,9.2296,45.4886
"26189.12020",vodafone,LTE,9.1750,45.5151
"26190.12037",vodafone,LTE,9.2174,45.4802
"26192.12020",vodafone,LTE,9.1908,45.5134
"26194.12032",vodafone,LTE,9.1909,45.4748
"26211.12000",vodafone,LTE,9.1807,45.4855
"26213.12034",vodafone,LTE,9.1871,45.4841
"26239.13007",vodafone,LTE,9.1232,45.4470
"26242.12047",vodafone,LTE,9.2020,45.4839
"26261.12033",vodafone,LTE,9.1801,45.4531
"26272.12034",vodafone,LTE,9.1755,45.4682
"26273.12040",vodafone,LTE,9.2085,45.4965
"26274.12043",vodafone,LTE,9.1842,45.5039
"26275.12001",vodafone,LTE,9.1277,45.4690
"26276.12046",vodafone,LTE,9.1910,45.4879
"26277.12000",vodafone,LTE,9.1596,45.4726
"26278.12038",vodafone,LTE,9.2027,45.4334
"26279.12003",vodafone,LTE,9.2721,45.4943
"26307.12044",vodafone,LTE,9.1667,45.4778
"26491.12033",vodafone,LTE,9.1739,45.4592
"26296.12000",vodafone,LTE,9.0759,45.5220
"26297.12000",vodafone,LTE,9.0814,45.5197
"26298.12000",vodafone,LTE,9.0797,45.5207
"26299.12000",vodafone,LTE,9.0825,45.5199
"26306.12033",vodafone,LTE,9.1632,45.4557
"26314.12046",vodafone,LTE,9.1875,45.4803
"26315.12046",vodafone,LTE,9.1893,45.4831
"26319.12046",vodafone,LTE,9.1874,45.4822
"26326.12035",vodafone,LTE,9.1884,45.4629
"26745.12000",vodafone,LTE,9.0981,45.5190
"26499.12035",vodafone,LTE,9.1880,45.4649
"26503.12036",vodafone,LTE,9.2060,45.4695
"26566.13007",vodafone,LTE,9.1166,45.4215
"26578.12046",vodafone,LTE,9.1823,45.4853
"26614.12044",vodafone,LTE,9.1587,45.4876
"26615.12037",vodafone,LTE,9.2002,45.4538
"26616.12002",vodafone,LTE,9.1517,45.4561
"26617.12037",vodafone,LTE,9.2380,45.4852
"26628.12000",vodafone,LTE,9.1318,45.4653
"26642.12032",vodafone,LTE,9.1943,45.4650
"26645.12034",vodafone,LTE,9.1724,45.4711
"26652.12035",vodafone,LTE,9.1929,45.4604
"26654.12035",vodafone,LTE,9.1868,45.4651
"26680.13007",vodafone,LTE,9.1421,45.4013
"26689.12046",vodafone,LTE,9.1791,45.4836
"26719.12043",vodafone,LTE,9.2214,45.5208
"26740.12041",vodafone,LTE,9.2532,45.5051
"26765.12037",vodafone,LTE,9.2322,45.4693
"26772.12037",vodafone,LTE,9.2349,45.4812
"26773.12020",vodafone,LTE,9.2685,45.5243
"26777.12000",vodafone,LTE,9.1236,45.4791
"26782.12035",vodafone,LTE,9.1803,45.4419
"26783.12046",vodafone,LTE,9.2072,45.4853
"26784.12037",vodafone,LTE,9.2216,45.4887
"26785.12040",vodafone,LTE,9.2237,45.4432
"26789.12035",vodafone,LTE,9.1971,45.4728
"26791.12000",vodafone,LTE,9.1552,45.4748
"26804.12035",vodafone,LTE,9.1512,45.4435
"26803.12037",vodafone,LTE,9.2158,45.4551
"26818.12040",vodafone,LTE,9.2383,45.4438
"26822.12040",vodafone,LTE,9.2094,45.5115
"26823.12020",vodafone,LTE,9.1583,45.5237
"26824.12040",vodafone,LTE,9.2493,45.5121
"26880.12034",vodafone,LTE,9.1857,45.4787
"26825.12000",vodafone,LTE,9.1481,45.4947
"26827.13007",vodafone,LTE,9.1288,45.4398
"26828.12020",vodafone,LTE,9.1763,45.5033
"26830.12038",vodafone,LTE,9.2154,45.4370
"26848.13007",vodafone,LTE,9.1230,45.4471
"26854.12000",vodafone,LTE,9.1310,45.4970
"26855.13007",vodafone,LTE,9.1383,45.4454
"26858.12001",vodafone,LTE,9.1138,45.4775
"26861.12036",vodafone,LTE,9.2160,45.4865
"26863.12000",vodafone,LTE,9.1090,45.4948
"26864.12038",vodafone,LTE,9.2057,45.4517
"26865.12033",vodafone,LTE,9.1701,45.4371
"26868.12033",vodafone,LTE,9.1937,45.4572
"26881.12035",vodafone,LTE,9.1858,45.4719
"26869.12033",vodafone,LTE,9.1634,45.4441
"26887.12044",vodafone,LTE,9.1620,45.4812
"26888.12044",vodafone,LTE,9.1607,45.4862
"26889.12003",vodafone,LTE,9.1593,45.5026
"26892.12038",vodafone,LTE,9.2073,45.4444
"26895.12033",vodafone,LTE,9.1916,45.4522
"26908.13007",vodafone,LTE,9.1624,45.4265
"26896.12037",vodafone,LTE,9.2260,45.4623
"26897.12032",vodafone,LTE,9.2065,45.4627
"26898.12040",vodafone,LTE,9.2310,45.4411
"26902.12001",vodafone,LTE,9.1404,45.4568
"26904.12033",vodafone,LTE,9.1539,45.4374
"26905.12022",vodafone,LTE,9.1729,45.5071
"26910.12001",vodafone,LTE,9.1374,45.4598
"26916.12033",vodafone,LTE,9.1841,45.4579
"26918.13007",vodafone,LTE,9.1121,45.4602
"26921.12046",vodafone,LTE,9.1805,45.4946
"26922.12033",vodafone,LTE,9.1727,45.4567
"26923.12002",vodafone,LTE,9.1449,45.4484
"26928.12040",vodafone,LTE,9.2314,45.5199
"26932.12033",vodafone,LTE,9.1926,45.4439
"26930.12043",vodafone,LTE,9.2121,45.5183
"26931.12003",vodafone,LTE,9.1468,45.4791
"26933.12020",vodafone,LTE,9.2161,45.5291
"26934.12022",vodafone,LTE,9.1908,45.5134
"26940.12035",vodafone,LTE,9.1871,45.4721
"26950.12035",vodafone,LTE,9.1853,45.4683
"26986.12002",vodafone,LTE,9.1440,45.4760
"26976.13007",vodafone,LTE,9.1221,45.4435
"26981.12000",vodafone,LTE,9.1547,45.4786
"26983.12000",vodafone,LTE,9.1383,45.5125
"26984.12046",vodafone,LTE,9.1851,45.4850
"26985.12046",vodafone,LTE,9.1833,45.4891
"26988.12041",vodafone,LTE,9.2596,45.5106
"26991.12022",vodafone,LTE,9.1667,45.5108
"26994.13007",vodafone,LTE,9.1147,45.4168
"26996.12021",vodafone,LTE,9.1887,45.5310
"26997.12002",vodafone,LTE,9.1472,45.4551
"26998.13007",vodafone,LTE,9.1094,45.4318
"27111.13007",vodafone,LTE,9.0472,45.4071
"27234.12020",vodafone,LTE,9.1935,45.5327
"27267.13006",vodafone,LTE,9.1053,45.4445
"27276.12020",vodafone,LTE,9.2306,45.5375
"27277.13006",vodafone,LTE,9.0740,45.4381
"27289.12035",vodafone,LTE,9.1889,45.4608
"27339.12035",vodafone,LTE,9.1881,45.4607
"27340.12035",vodafone,LTE,9.1868,45.4626
"27341.12035",vodafone,LTE,9.1867,45.4633
"27342.12035",vodafone,LTE,9.1881,45.4657
"27343.12035",vodafone,LTE,9.1900,45.4676
"27344.12035",vodafone,LTE,9.1818,45.4605
"27345.12035",vodafone,LTE,9.1936,45.4654
"27347.12035",vodafone,LTE,9.1947,45.4631
"27348.12032",vodafone,LTE,9.1979,45.4664
"27349.12035",vodafone,LTE,9.2018,45.4661
"27350.12035",vodafone,LTE,9.1622,45.4663
"27351.12035",vodafone,LTE,9.2014,45.4722
"27352.12035",vodafone,LTE,9.1916,45.4610
"27393.13007",vodafone,LTE,9.1782,45.4175
"27411.13008",vodafone,LTE,9.0483,45.5393
"27546.13007",vodafone,LTE,9.0823,45.4275
"27583.12001",vodafone,LTE,9.1278,45.4887
"27616.13007",vodafone,LTE,9.0440,45.4445
"27689.12046",vodafone,LTE,9.1891,45.4839
"27780.13007",vodafone,LTE,9.0568,45.4207
"27811.12037",vodafone,LTE,9.2381,45.4852
"27849.12036",vodafone,LTE,9.2143,45.4839
"27853.12035",vodafone,LTE,9.1885,45.4640
"27855.12021",vodafone,LTE,9.1300,45.5388
"29248.12000",vodafone,LTE,9.1373,45.4646
"27949.12034",vodafone,LTE,9.1771,45.4660
"27950.12033",vodafone,LTE,9.1860,45.4508
"27954.12035",vodafone,LTE,9.1932,45.4576
"27956.12032",vodafone,LTE,9.2076,45.4639
"27958.12035",vodafone,LTE,9.1899,45.4657
"27961.12035",vodafone,LTE,9.1842,45.4608
"27962.12035",vodafone,LTE,9.1915,45.4658
"27965.12037",vodafone,LTE,9.2057,45.4582
"27967.12035",vodafone,LTE,9.1906,45.4638
"27990.12001",vodafone,LTE,9.1404,45.4568
"27991.12020",vodafone,LTE,9.2290,45.5298
"28247.13005",vodafone,LTE,9.0411,45.4729
"28251.13007",vodafone,LTE,9.1007,45.4096
"28291.13006",vodafone,LTE,9.0985,45.4393
"28295.13007",vodafone,LTE,9.0647,45.4223
"28298.13007",vodafone,LTE,9.1060,45.4252
"28301.13006",vodafone,LTE,9.0952,45.4453
"28302.13007",vodafone,LTE,9.1147,45.4168
"28306.12020",vodafone,LTE,9.1880,45.5382
"28307.13007",vodafone,LTE,9.0583,45.4258
"28310.13007",vodafone,LTE,9.0909,45.4323
"28317.12020",vodafone,LTE,9.1887,45.5311
"28319.12020",vodafone,LTE,9.1632,45.5384
"28320.13005",vodafone,LTE,9.0676,45.4792
"28325.13007",vodafone,LTE,9.0583,45.4840
"28357.13007",vodafone,LTE,9.0735,45.4235
"28449.13006",vodafone,LTE,9.0892,45.4383
"28451.13008",vodafone,LTE,9.0610,45.5112
"28453.13007",vodafone,LTE,9.0867,45.4820
"28484.12033",vodafone,LTE,9.1742,45.4510
"28522.12002",vodafone,LTE,9.1440,45.4726
"28561.12040",vodafone,LTE,9.2237,45.4405
"28508.12035",vodafone,LTE,9.1902,45.4593
"28514.12039",vodafone,LTE,9.2413,45.4830
"28521.12002",vodafone,LTE,9.1414,45.4518
"28568.12040",vodafone,LTE,9.1930,45.5009
"28574.12002",vodafone,LTE,9.1465,45.4666
"28582.12046",vodafone,LTE,9.1765,45.4826
"28590.12001",vodafone,LTE,9.1310,45.4594
"28593.12037",vodafone,LTE,9.2040,45.4573
"28622.12035",vodafone,LTE,9.1906,45.4666
"28628.12000",vodafone,LTE,9.1231,45.4780
"28630.12000",vodafone,LTE,9.1255,45.4787
"28625.12000",vodafone,LTE,9.1230,45.4780
"28626.12000",vodafone,LTE,9.1239,45.4803
"28627.12000",vodafone,LTE,9.1238,45.4791
"28638.12040",vodafone,LTE,9.2343,45.5103
"28744.12033",vodafone,LTE,9.1541,45.4323
"28739.12035",vodafone,LTE,9.1539,45.4374
"28745.12040",vodafone,LTE,9.2548,45.4462
"28746.12000",vodafone,LTE,9.1149,45.5146
"28748.12037",vodafone,LTE,9.2213,45.4859
"28761.12038",vodafone,LTE,9.2086,45.4367
"28766.12037",vodafone,LTE,9.2298,45.4696
"28768.12001",vodafone,LTE,9.1279,45.4622
"28863.12020",vodafone,LTE,9.2460,45.5311
"28872.13006",vodafone,LTE,9.0971,45.4598
"28877.12043",vodafone,LTE,9.2021,45.5054
"28882.12037",vodafone,LTE,9.2128,45.4620
"28884.13006",vodafone,LTE,9.0843,45.4603
"28888.12042",vodafone,LTE,9.2447,45.4571
"28887.12022",vodafone,LTE,9.1933,45.5208
"28895.13007",vodafone,LTE,9.1218,45.4565
"28896.12003",vodafone,LTE,9.1596,45.4805
"28901.12040",vodafone,LTE,9.2485,45.4457
"28903.12046",vodafone,LTE,9.2097,45.4889
"28904.12035",vodafone,LTE,9.1800,45.4650
"28905.12046",vodafone,LTE,9.1841,45.4978
"28906.12046",vodafone,LTE,9.1923,45.4925
"28907.12046",vodafone,LTE,9.1676,45.4829
"28908.12037",vodafone,LTE,9.2255,45.4797
"28909.12040",vodafone,LTE,9.2277,45.4995
"28910.12037",vodafone,LTE,9.2386,45.4751
"28911.12020",vodafone,LTE,9.2681,45.5240
"28912.12035",vodafone,LTE,9.1800,45.4479
"28913.12040",vodafone,LTE,9.2452,45.5062
"28917.12020",vodafone,LTE,9.2033,45.5238
"28963.12035",vodafone,LTE,9.1951,45.4656
"28972.12037",vodafone,LTE,9.2233,45.4564
"28974.12035",vodafone,LTE,9.1843,45.4646
"28975.12037",vodafone,LTE,9.2349,45.4618
"29010.12020",vodafone,LTE,9.2094,45.5234
"29012.13007",vodafone,LTE,9.1219,45.4565
"29014.12000",vodafone,LTE,9.1537,45.4617
"29016.12035",vodafone,LTE,9.2010,45.4669
"29018.12037",vodafone,LTE,9.2177,45.4643
"29021.12000",vodafone,LTE,9.1278,45.4887
"29025.12037",vodafone,LTE,9.2104,45.4570
"29027.12046",vodafone,LTE,9.1910,45.4879
"29028.12000",vodafone,LTE,9.1310,45.4970
"29030.13007",vodafone,LTE,9.1283,45.4452
"29031.12042",vodafone,LTE,9.2510,45.4916
"29034.12000",vodafone,LTE,9.1373,45.4995
"29035.12035",vodafone,LTE,9.1871,45.4721
"29039.12037",vodafone,LTE,9.2130,45.4737
"29037.12033",vodafone,LTE,9.1632,45.4557
"29038.12034",vodafone,LTE,9.1844,45.4761
"29064.12035",vodafone,LTE,9.1935,45.4625
"29040.12042",vodafone,LTE,9.2426,45.4477
"29050.12032",vodafone,LTE,9.2035,45.4633
"29041.12035",vodafone,LTE,9.1925,45.4439
"29042.12020",vodafone,LTE,9.1522,45.5222
"29043.12037",vodafone,LTE,9.2040,45.4572
"29044.12037",vodafone,LTE,9.2136,45.4414
"29046.12034",vodafone,LTE,9.1664,45.4707
"29049.12002",vodafone,LTE,9.1900,45.4357
"29051.12035",vodafone,LTE,9.1916,45.4522
"29052.12035",vodafone,LTE,9.1937,45.4572
"29053.12036",vodafone,LTE,9.2101,45.4765
"29055.12032",vodafone,LTE,9.1985,45.4635
"29056.12000",vodafone,LTE,9.1025,45.5002
"29057.12046",vodafone,LTE,9.1805,45.4946
"29058.12040",vodafone,LTE,9.1930,45.5009
"29061.12000",vodafone,LTE,9.1572,45.4615
"29062.12000",vodafone,LTE,9.1339,45.4804
"29063.12020",vodafone,LTE,9.1729,45.5069
"29067.12037",vodafone,LTE,9.2190,45.4573
"29070.12002",vodafone,LTE,9.1465,45.4666
"29071.12000",vodafone,LTE,9.1176,45.4846
"29072.12000",vodafone,LTE,9.1383,45.5126
"29074.12038",vodafone,LTE,9.2002,45.4538
"29075.13006",vodafone,LTE,9.0904,45.4652
"29076.12041",vodafone,LTE,9.2319,45.5055
"29079.12034",vodafone,LTE,9.1819,45.4709
"29077.12001",vodafone,LTE,9.1375,45.4598
"29080.12020",vodafone,LTE,9.1697,45.5225
"29081.13007",vodafone,LTE,9.1624,45.4265
"29083.12046",vodafone,LTE,9.1645,45.4796
"29086.12035",vodafone,LTE,9.1849,45.4598
"29087.12000",vodafone,LTE,9.1341,45.4738
"29089.12045",vodafone,LTE,9.1669,45.4866
"29092.13006",vodafone,LTE,9.0971,45.4598
"29093.12000",vodafone,LTE,9.1163,45.4740
"29094.13006",vodafone,LTE,9.0835,45.4750
"29096.13007",vodafone,LTE,9.1120,45.4602
"29097.12040",vodafone,LTE,9.2299,45.4454
"29098.12040",vodafone,LTE,9.2295,45.4956
"29099.12047",vodafone,LTE,9.2141,45.4903
"29102.12046",vodafone,LTE,9.1765,45.4826
"29103.12033",vodafone,LTE,9.1873,45.4483
"29104.12036",vodafone,LTE,9.2175,45.4754
"29105.12037",vodafone,LTE,9.2296,45.4830
"29106.12040",vodafone,LTE,9.2021,45.5054
"29108.12035",vodafone,LTE,9.1665,45.4668
"29111.12034",vodafone,LTE,9.1713,45.4612
"29113.13007",vodafone,LTE,9.1382,45.4454
"29114.12020",vodafone,LTE,9.1667,45.5108
"29117.12000",vodafone,LTE,9.1333,45.4697
"29118.12038",vodafone,LTE,9.2073,45.4444
"29119.12037",vodafone,LTE,9.2233,45.4564
"29120.12037",vodafone,LTE,9.2150,45.4830
"29121.12036",vodafone,LTE,9.2257,45.4867
"29122.12037",vodafone,LTE,9.2262,45.4759
"29123.12002",vodafone,LTE,9.1512,45.4513
"29124.12040",vodafone,LTE,9.2237,45.4405
"29125.12040",vodafone,LTE,9.2314,45.5199
"29127.12000",vodafone,LTE,9.1277,45.4690
"29128.13007",vodafone,LTE,9.1288,45.4529
"29129.12037",vodafone,LTE,9.2348,45.4887
"29130.12037",vodafone,LTE,9.2217,45.4921
"29131.12033",vodafone,LTE,9.1841,45.4579
"29132.12002",vodafone,LTE,9.2310,45.4411
"29134.12038",vodafone,LTE,9.2006,45.4387
"29135.12035",vodafone,LTE,9.1708,45.4759
"29136.12000",vodafone,LTE,9.1253,45.4852
"29137.12043",vodafone,LTE,9.2019,45.4954
"29138.12022",vodafone,LTE,9.1933,45.5208
"29139.12033",vodafone,LTE,9.1772,45.4567
"29140.12032",vodafone,LTE,9.2007,45.4711
"29142.12037",vodafone,LTE,9.2297,45.4725
"29144.12036",vodafone,LTE,9.2137,45.4684
"29147.12022",vodafone,LTE,9.1742,45.4977
"29150.13007",vodafone,LTE,9.1153,45.4453
"29149.12035",vodafone,LTE,9.1814,45.4607
"29151.12047",vodafone,LTE,9.2088,45.4826
"29152.12040",vodafone,LTE,9.2462,45.4691
"29153.12038",vodafone,LTE,9.2005,45.4307
"29154.13007",vodafone,LTE,9.1563,45.4422
"29155.12033",vodafone,LTE,9.1849,45.4528
"29169.12020",vodafone,LTE,9.1771,45.5182
"29158.12037",vodafone,LTE,9.2058,45.4518
"29159.12038",vodafone,LTE,9.2200,45.4328
"29160.12037",vodafone,LTE,9.2198,45.4523
"29163.12002",vodafone,LTE,9.1557,45.4583
"29164.12002",vodafone,LTE,9.1414,45.4518
"29165.12000",vodafone,LTE,9.1536,45.4672
"29166.12000",vodafone,LTE,9.1383,45.4663
"29170.12037",vodafone,LTE,9.2252,45.4623
"29171.13007",vodafone,LTE,9.1166,45.4447
"29172.12000",vodafone,LTE,9.1511,45.4769
"29173.12032",vodafone,LTE,9.2065,45.4626
"29175.12040",vodafone,LTE,9.2407,45.5092
"29176.12035",vodafone,LTE,9.1903,45.4702
"29177.12035",vodafone,LTE,9.1889,45.4605
"29179.12041",vodafone,LTE,9.2249,45.5094
"29181.12037",vodafone,LTE,9.2413,45.4830
"29184.12002",vodafone,LTE,9.1472,45.4550
"29187.12001",vodafone,LTE,9.1310,45.4594
"29191.12035",vodafone,LTE,9.1909,45.4748
"29192.12033",vodafone,LTE,9.1652,45.4519
"29193.12040",vodafone,LTE,9.1842,45.5039
"29199.12040",vodafone,LTE,9.2528,45.5051
"29194.12036",vodafone,LTE,9.2160,45.4865
"29195.12037",vodafone,LTE,9.2128,45.4620
"29196.12022",vodafone,LTE,9.1683,45.5052
"29198.12035",vodafone,LTE,9.1982,45.4666
"29200.12032",vodafone,LTE,9.1958,45.4701
"29202.12035",vodafone,LTE,9.1883,45.4635
"29203.12035",vodafone,LTE,9.1902,45.4592
"29204.12020",vodafone,LTE,9.1720,45.5305
"29206.12035",vodafone,LTE,9.1623,45.4655
"29234.12040",vodafone,LTE,9.2417,45.4338
"29242.12040",vodafone,LTE,9.2368,45.4907
"29244.12040",vodafone,LTE,9.1939,45.4961
"29245.12037",vodafone,LTE,9.2305,45.4648
"29246.12035",vodafone,LTE,9.1896,45.4563
"29254.12034",vodafone,LTE,9.1724,45.4711
"29251.12021",vodafone,LTE,9.1480,45.5170
"29252.12001",vodafone,LTE,9.1083,45.4781
"29253.117",vodafone,LTE,9.1174,45.4529
"29258.12002",vodafone,LTE,9.1439,45.4760
"29279.12000",vodafone,LTE,9.0778,45.5208
"29305.12040",vodafone,LTE,9.2735,45.4866
"29320.12040",vodafone,LTE,9.2596,45.4049
"29406.13007",vodafone,LTE,9.1239,45.4464
"29405.12035",vodafone,LTE,9.1880,45.4641
"29411.12047",vodafone,LTE,9.1973,45.4907
"29445.13007",vodafone,LTE,9.1225,45.4476
"29450.12001",vodafone,LTE,9.1104,45.4719
"29456.12035",vodafone,LTE,9.1952,45.4656
"29472.12046",vodafone,LTE,9.1795,45.4794
"29478.12038",vodafone,LTE,9.2010,45.4313
"29473.12000",vodafone,LTE,9.1138,45.4775
"29482.12001",vodafone,LTE,9.1342,45.4738
"29485.12040",vodafone,LTE,9.2528,45.4211
"29488.12002",vodafone,LTE,9.2717,45.4206
"29516.12046",vodafone,LTE,9.2043,45.4861
"29518.12047",vodafone,LTE,9.2043,45.4862
"29563.13007",vodafone,LTE,9.1232,45.4469
"29566.12037",vodafone,LTE,9.2133,45.4519
"29562.13007",vodafone,LTE,9.1231,45.4466
"29565.12040",vodafone,LTE,9.2007,45.5125
"29606.12020",vodafone,LTE,9.2189,45.5406
"29616.13007",vodafone,LTE,9.1120,45.4335
"29612.12035",vodafone,LTE,9.1906,45.4682
"29617.12000",vodafone,LTE,9.1362,45.5224
"29618.12000",vodafone,LTE,9.0707,45.5183
"29623.12040",vodafone,LTE,9.2735,45.4074
"29648.12045",vodafone,LTE,9.1509,45.4823
"29660.12033",vodafone,LTE,9.1808,45.4439
"29663.13008",vodafone,LTE,9.0403,45.5196
"29667.12000",vodafone,LTE,9.0611,45.5347
"29671.12020",vodafone,LTE,9.2401,45.5243
"29672.12020",vodafone,LTE,9.2342,45.5407
"29675.12037",vodafone,LTE,9.2222,45.4683
"29704.12000",vodafone,LTE,9.0805,45.5144
"29708.12040",vodafone,LTE,9.2654,45.3996
"29750.12037",vodafone,LTE,9.2125,45.4778
"29884.12032",vodafone,LTE,9.2102,45.4473
"29879.12035",vodafone,LTE,9.1696,45.4533
"29883.12035",vodafone,LTE,9.2217,45.5028
"29875.12032",vodafone,LTE,9.1758,45.4682
"29876.12035",vodafone,LTE,9.1885,45.4645
"29877.12032",vodafone,LTE,9.2028,45.4847
"29880.12032",vodafone,LTE,9.1853,45.4978
"29881.12032",vodafone,LTE,9.1853,45.4980
"29882.12003",vodafone,LTE,9.1852,45.4981
"29885.12032",vodafone,LTE,9.2100,45.4474
"29886.12032",vodafone,LTE,9.0917,45.5008
"29889.12039",vodafone,LTE,9.2288,45.4798
"29890.12037",vodafone,LTE,9.2325,45.4787
"29943.12035",vodafone,LTE,9.1951,45.4652
"29953.12000",vodafone,LTE,9.1449,45.4485
"29954.12046",vodafone,LTE,9.1655,45.4906
"29955.12035",vodafone,LTE,9.1933,45.4731
"29956.12047",vodafone,LTE,9.1835,45.4933
"28993.13066",vodafone,LTE,9.0952,45.4453
"29615.13007",vodafone,LTE,9.1094,45.4318
"28249.12000",vodafone,LTE,9.1022,45.5282
"28914.12020",vodafone,LTE,9.1615,45.5291
"28496.12040",vodafone,LTE,9.2728,45.4480
"28743.12037",vodafone,LTE,9.2334,45.4679
"26900.12037",vodafone,LTE,9.2133,45.4708
"26504.12037",vodafone,LTE,9.2216,45.4620
"29145.12036",vodafone,LTE,9.2060,45.4695
"29146.12046",vodafone,LTE,9.1852,45.4805
"26316.12046",vodafone,LTE,9.1873,45.4813
"29033.12046",vodafone,LTE,9.1833,45.4891
"29054.12046",vodafone,LTE,9.1725,45.4803
"29048.12046",vodafone,LTE,9.1630,45.4931
"26797.12000",vodafone,LTE,9.1579,45.4985
"28718.12000",vodafone,LTE,9.0761,45.5281
"29680.12020",vodafone,LTE,9.1393,45.5336
"29949.12037",vodafone,LTE,9.2350,45.4617
"29681.12020",vodafone,LTE,9.1464,45.5264
"29682.12000",vodafone,LTE,9.1249,45.5298
"28172.12000",vodafone,LTE,9.0789,45.5396
"28281.12000",vodafone,LTE,9.1166,45.5211
"28915.12037",vodafone,LTE,9.1956,45.4495
"26537.12000",vodafone,LTE,9.1315,45.5092
"29185.12038",vodafone,LTE,9.1986,45.4437
"29116.12000",vodafone,LTE,9.1415,45.4949
"29240.12000",vodafone,LTE,9.1276,45.5012
"25060.12000",vodafone,LTE,9.1509,45.4823
"26269.12035",vodafone,LTE,9.1884,45.4646
"29029.12000",vodafone,LTE,9.1517,45.5026
"29082.12046",vodafone,LTE,9.1587,45.4876
"29241.12000",vodafone,LTE,9.1615,45.4766
"29957.12033",vodafone,LTE,9.1740,45.4591
"29084.12035",vodafone,LTE,9.1678,45.4591
"29412.12033",vodafone,LTE,9.1682,45.4532
"29959.12033",vodafone,LTE,9.1838,45.4553
"28470.12020",vodafone,LTE,9.2463,45.5388
"26744.12000",vodafone,LTE,9.0971,45.5198
"28498.12035",vodafone,LTE,9.1728,45.4566
"29133.12000",vodafone,LTE,9.1595,45.4725
"29161.12000",vodafone,LTE,9.1501,45.4706
"29207.12035",vodafone,LTE,9.1629,45.4603
"29570.12000",vodafone,LTE,9.1542,45.4861
"29101.13007",vodafone,LTE,9.1782,45.4175
"29180.13007",vodafone,LTE,9.1733,45.4087
"29110.12035",vodafone,LTE,9.1810,45.4380
"29100.12000",vodafone,LTE,9.1239,45.5070
"29668.13008",vodafone,LTE,9.0446,45.5305
"29250.12000",vodafone,LTE,9.1461,45.5080
"29045.12035",vodafone,LTE,9.1637,45.4440
"29233.12000",vodafone,LTE,9.1537,45.4543
"27014.12000",vodafone,LTE,9.1362,45.5270
"27383.12020",vodafone,LTE,9.1725,45.5399
"29162.12000",vodafone,LTE,9.1503,45.4633
"29167.12000",vodafone,LTE,9.1439,45.4727
"29068.12000",vodafone,LTE,9.1632,45.5016
"29088.12000",vodafone,LTE,9.1150,45.5013
"29705.12000",vodafone,LTE,9.0925,45.5088
"1157.15013",vodafone,UMTS,9.2100,45.5095
"3535.15011",vodafone,UMTS,9.1636,45.4422
"1134.15014",vodafone,UMTS,9.2105,45.4888
"6385.15071",vodafone,UMTS,9.1248,45.4583
"1120.15001",vodafone,UMTS,9.1262,45.4627
"6261.15012",vodafone,UMTS,9.2312,45.4917
"1121.15012",vodafone,UMTS,9.2369,45.4565
"6261.15013",vodafone,UMTS,9.2311,45.4917
"354.15011",vodafone,UMTS,9.1874,45.4657
"1008.15012",vodafone,UMTS,9.2178,45.4641
"1124.15012",vodafone,UMTS,9.2301,45.4570
"5386.15011",vodafone,UMTS,9.1969,45.4680
"5387.15012",vodafone,UMTS,9.2046,45.4775
"5387.15014",vodafone,UMTS,9.2067,45.4760
"6292.15012",vodafone,UMTS,9.2289,45.4707
"3550.15001",vodafone,UMTS,9.1366,45.5235
"3554.15014",vodafone,UMTS,9.1951,45.4884
"5762.15071",vodafone,UMTS,9.0712,45.4695
"356.15011",vodafone,UMTS,9.1900,45.4666
"3560.15071",vodafone,UMTS,9.1134,45.4068
"5399.15012",vodafone,UMTS,9.2010,45.4519
"3565.15071",vodafone,UMTS,9.1047,45.4113
"357.15011",vodafone,UMTS,9.1826,45.4680
"5763.15071",vodafone,UMTS,9.0529,45.4763
"358.15011",vodafone,UMTS,9.1826,45.4715
"3588.15071",vodafone,UMTS,9.0887,45.4328
"359.15011",vodafone,UMTS,9.1980,45.4698
"1131.15012",vodafone,UMTS,9.2000,45.4530
"1118.15013",vodafone,UMTS,9.2375,45.4435
"1119.15012",vodafone,UMTS,9.2039,45.4611
"1119.15011",vodafone,UMTS,9.2051,45.4600
"1131.15011",vodafone,UMTS,9.1965,45.4521
"1123.15012",vodafone,UMTS,9.2379,45.4636
"1126.15012",vodafone,UMTS,9.2299,45.4709
"1128.15013",vodafone,UMTS,9.2528,45.4291
"1135.15013",vodafone,UMTS,9.2298,45.4952
"1135.15012",vodafone,UMTS,9.2304,45.4925
"1136.15012",vodafone,UMTS,9.2139,45.4734
"1137.15014",vodafone,UMTS,9.1966,45.4804
"1139.15011",vodafone,UMTS,9.1981,45.4625
"1141.15012",vodafone,UMTS,9.2329,45.4897
"1152.15006",vodafone,UMTS,9.2158,45.5299
"360.15011",vodafone,UMTS,9.1953,45.4631
"1391.15071",vodafone,UMTS,9.0547,45.4197
"2180.15011",vodafone,UMTS,9.1885,45.4604
"5412.15001",vodafone,UMTS,9.1464,45.4664
"5414.15006",vodafone,UMTS,9.2444,45.5338
"1196.15013",vodafone,UMTS,9.1860,45.5058
"5415.15012",vodafone,UMTS,9.1986,45.4431
"5415.15011",vodafone,UMTS,9.1983,45.4429
"5417.15012",vodafone,UMTS,9.2213,45.4697
"5420.15011",vodafone,UMTS,9.1799,45.4504
"5421.15012",vodafone,UMTS,9.2058,45.4701
"3633.15001",vodafone,UMTS,9.1535,45.4825
"1226.15014",vodafone,UMTS,9.1903,45.4805
"1240.15011",vodafone,UMTS,9.1762,45.4681
"5425.15013",vodafone,UMTS,9.2072,45.4096
"1245.15013",vodafone,UMTS,9.2046,45.5133
"5427.15071",vodafone,UMTS,9.1316,45.3983
"1503.15011",vodafone,UMTS,9.1920,45.4648
"1297.15011",vodafone,UMTS,9.1716,45.4762
"5430.15006",vodafone,UMTS,9.1471,45.5268
"6272.15014",vodafone,UMTS,9.1625,45.4719
"6272.15001",vodafone,UMTS,9.1624,45.4708
"6272.15011",vodafone,UMTS,9.1627,45.4713
"1304.15006",vodafone,UMTS,9.2099,45.5230
"1304.15013",vodafone,UMTS,9.2095,45.5209
"1305.15011",vodafone,UMTS,9.1947,45.4747
"1305.15014",vodafone,UMTS,9.1950,45.4765
"1306.15014",vodafone,UMTS,9.1687,45.4876
"5436.15001",vodafone,UMTS,9.1301,45.4597
"1308.15011",vodafone,UMTS,9.1934,45.4631
"1309.15071",vodafone,UMTS,9.1486,45.4039
"1310.15012",vodafone,UMTS,9.2063,45.4870
"1310.15014",vodafone,UMTS,9.1990,45.4878
"1314.15011",vodafone,UMTS,9.2060,45.4594
"1314.15012",vodafone,UMTS,9.2055,45.4571
"1315.15001",vodafone,UMTS,9.1305,45.5044
"1317.15013",vodafone,UMTS,9.2485,45.5076
"5439.15011",vodafone,UMTS,9.1840,45.4678
"1321.15013",vodafone,UMTS,9.2043,45.5048
"1324.15013",vodafone,UMTS,9.2165,45.4985
"1328.15014",vodafone,UMTS,9.1857,45.4805
"1329.15011",vodafone,UMTS,9.1924,45.4698
"5442.15011",vodafone,UMTS,9.1985,45.4701
"5443.15011",vodafone,UMTS,9.1786,45.4585
"5445.15071",vodafone,UMTS,9.0441,45.4131
"5448.15071",vodafone,UMTS,9.0781,45.4231
"6229.15011",vodafone,UMTS,9.1820,45.4378
"5450.15001",vodafone,UMTS,9.1234,45.5024
"1367.15006",vodafone,UMTS,9.2337,45.5268
"1354.15001",vodafone,UMTS,9.0793,45.5138
"1357.15013",vodafone,UMTS,9.2395,45.4338
"1382.15013",vodafone,UMTS,9.2720,45.4031
"1393.15001",vodafone,UMTS,9.0598,45.5230
"3848.15014",vodafone,UMTS,9.2033,45.4857
"1390.15071",vodafone,UMTS,9.0749,45.4325
"1396.15001",vodafone,UMTS,9.0591,45.5368
"1394.15072",vodafone,UMTS,9.0634,45.5090
"1394.15001",vodafone,UMTS,9.0661,45.5128
"1395.15072",vodafone,UMTS,9.0386,45.5260
"1399.15006",vodafone,UMTS,9.1721,45.5396
"5467.15011",vodafone,UMTS,9.1921,45.4646
"5467.15012",vodafone,UMTS,9.1907,45.4643
"5467.55000",vodafone,UMTS,9.1910,45.4657
"6405.15011",vodafone,UMTS,9.1867,45.4650
"3911.15013",vodafone,UMTS,9.2633,45.4043
"3915.15011",vodafone,UMTS,9.1877,45.4657
"3917.15012",vodafone,UMTS,9.2366,45.4603
"1483.15011",vodafone,UMTS,9.1758,45.4438
"1483.15001",vodafone,UMTS,9.1791,45.4432
"3977.15011",vodafone,UMTS,9.1775,45.4681
"1500.15011",vodafone,UMTS,9.1763,45.4765
"1500.15014",vodafone,UMTS,9.1742,45.4798
"3985.15011",vodafone,UMTS,9.1936,45.4574
"3988.15012",vodafone,UMTS,9.2192,45.4751
"1509.15013",vodafone,UMTS,9.2692,45.4913
"1516.15011",vodafone,UMTS,9.1634,45.4426
"4005.15011",vodafone,UMTS,9.1887,45.4646
"5494.15006",vodafone,UMTS,9.1728,45.5234
"1525.15001",vodafone,UMTS,9.1152,45.5153
"1525.15006",vodafone,UMTS,9.1298,45.5202
"4022.15012",vodafone,UMTS,9.2291,45.4940
"4022.15013",vodafone,UMTS,9.2296,45.4934
"4024.15001",vodafone,UMTS,9.2256,45.4422
"5496.15006",vodafone,UMTS,9.1948,45.5318
"1526.15071",vodafone,UMTS,9.0587,45.4927
"1526.15072",vodafone,UMTS,9.0638,45.5085
"4015.15013",vodafone,UMTS,9.2267,45.5167
"4016.15011",vodafone,UMTS,9.1641,45.4543
"4017.15001",vodafone,UMTS,9.1512,45.4561
"4017.15011",vodafone,UMTS,9.1530,45.4548
"4018.15011",vodafone,UMTS,9.1576,45.4490
"4019.15012",vodafone,UMTS,9.2119,45.4789
"4020.15012",vodafone,UMTS,9.2380,45.4674
"1536.15013",vodafone,UMTS,9.2469,45.4054
"4021.15012",vodafone,UMTS,9.2258,45.4914
"4053.15001",vodafone,UMTS,9.2430,45.5004
"4024.15013",vodafone,UMTS,9.2231,45.4438
"1543.15014",vodafone,UMTS,9.1952,45.4842
"1543.15011",vodafone,UMTS,9.1956,45.4845
"4025.15012",vodafone,UMTS,9.2162,45.4369
"4027.15001",vodafone,UMTS,9.1621,45.4980
"4027.15006",vodafone,UMTS,9.1692,45.4972
"4030.15011",vodafone,UMTS,9.1887,45.4646
"4032.15014",vodafone,UMTS,9.2068,45.4916
"4032.15013",vodafone,UMTS,9.2206,45.4971
"4034.15006",vodafone,UMTS,9.1754,45.5020
"4034.15013",vodafone,UMTS,9.1839,45.5058
"4036.15012",vodafone,UMTS,9.2135,45.4516
"4038.15005",vodafone,UMTS,9.1679,45.5168
"4039.15013",vodafone,UMTS,9.2313,45.5108
"4040.15011",vodafone,UMTS,9.1589,45.4471
"4040.15001",vodafone,UMTS,9.1554,45.4509
"4041.15011",vodafone,UMTS,9.1861,45.4669
"5891.15013",vodafone,UMTS,9.2660,45.4313
"4044.15011",vodafone,UMTS,9.1799,45.4473
"1563.15014",vodafone,UMTS,9.1943,45.4792
"5891.15001",vodafone,UMTS,9.2712,45.4274
"4062.15014",vodafone,UMTS,9.1917,45.4867
"1576.15011",vodafone,UMTS,9.1581,45.4508
"4063.15001",vodafone,UMTS,9.1311,45.4988
"4065.15005",vodafone,UMTS,9.1519,45.5032
"4066.15071",vodafone,UMTS,9.1273,45.4474
"4068.15012",vodafone,UMTS,9.2213,45.4697
"4067.15013",vodafone,UMTS,9.2532,45.4897
"4069.15014",vodafone,UMTS,9.1849,45.4900
"4070.15001",vodafone,UMTS,9.1336,45.4982
"4071.15011",vodafone,UMTS,9.1821,45.4718
"4072.15011",vodafone,UMTS,9.1833,45.4657
"1594.15071",vodafone,UMTS,9.0547,45.4130
"1595.15012",vodafone,UMTS,9.2350,45.4875
"4074.15011",vodafone,UMTS,9.1608,45.4581
"4074.15001",vodafone,UMTS,9.1558,45.4529
"4076.15011",vodafone,UMTS,9.1814,45.4754
"4078.15013",vodafone,UMTS,9.2369,45.4517
"4079.15011",vodafone,UMTS,9.1944,45.4469
"4079.15012",vodafone,UMTS,9.1983,45.4429
"4079.15013",vodafone,UMTS,9.2328,45.4069
"4081.15011",vodafone,UMTS,9.2008,45.4579
"4081.15012",vodafone,UMTS,9.2006,45.4567
"1771.15014",vodafone,UMTS,9.1805,45.4775
"4082.15012",vodafone,UMTS,9.2148,45.4408
"4083.15011",vodafone,UMTS,9.1612,45.4443
"1602.15013",vodafone,UMTS,9.2455,45.4069
"4084.15011",vodafone,UMTS,9.1672,45.4716
"4084.15014",vodafone,UMTS,9.1643,45.4744
"1605.15012",vodafone,UMTS,9.2074,45.4768
"1605.15014",vodafone,UMTS,9.2093,45.4786
"1607.15011",vodafone,UMTS,9.1679,45.4611
"1608.15011",vodafone,UMTS,9.1809,45.4522
"4089.15014",vodafone,UMTS,9.2035,45.4869
"4091.15014",vodafone,UMTS,9.1592,45.4956
"4092.15011",vodafone,UMTS,9.1875,45.4373
"1613.15001",vodafone,UMTS,9.2780,45.4724
"4097.15006",vodafone,UMTS,9.1663,45.5378
"4098.15011",vodafone,UMTS,9.2287,45.4111
"4098.15013",vodafone,UMTS,9.2396,45.4074
"4098.15016",vodafone,UMTS,9.2385,45.4047
"4098.15012",vodafone,UMTS,9.2308,45.4067
"4099.15071",vodafone,UMTS,9.0750,45.4223
"4114.15006",vodafone,UMTS,9.2735,45.5356
"1625.15014",vodafone,UMTS,9.1620,45.4782
"1625.15001",vodafone,UMTS,9.1614,45.4774
"1626.15014",vodafone,UMTS,9.1879,45.4832
"4100.15006",vodafone,UMTS,9.2216,45.5361
"1626.15013",vodafone,UMTS,9.1836,45.4837
"4102.15001",vodafone,UMTS,9.2578,45.4438
"4102.15013",vodafone,UMTS,9.2581,45.4452
"4105.15011",vodafone,UMTS,9.1742,45.4551
"4108.15012",vodafone,UMTS,9.2055,45.4365
"4108.15011",vodafone,UMTS,9.2046,45.4333
"4109.15012",vodafone,UMTS,9.2344,45.4696
"411.15001",vodafone,UMTS,9.1704,45.4365
"411.15011",vodafone,UMTS,9.1771,45.4532
"411.15012",vodafone,UMTS,9.1979,45.4509
"411.15071",vodafone,UMTS,9.1674,45.4326
"4110.15014",vodafone,UMTS,9.2041,45.4838
"4112.15011",vodafone,UMTS,9.1841,45.4544
"4116.15011",vodafone,UMTS,9.1796,45.4479
"4118.15011",vodafone,UMTS,9.1974,45.4669
"4121.15012",vodafone,UMTS,9.2074,45.4768
"4121.15014",vodafone,UMTS,9.2073,45.4779
"4122.15001",vodafone,UMTS,9.1299,45.4597
"4123.15012",vodafone,UMTS,9.2193,45.4712
"4124.15006",vodafone,UMTS,9.2042,45.5235
"4124.15013",vodafone,UMTS,9.2055,45.5210
"4125.15006",vodafone,UMTS,9.2347,45.5312
"1649.15013",vodafone,UMTS,9.1901,45.4841
"4139.15011",vodafone,UMTS,9.1922,45.4518
"4139.15012",vodafone,UMTS,9.1966,45.4513
"4140.15011",vodafone,UMTS,9.1956,45.4596
"4140.15012",vodafone,UMTS,9.1955,45.4560
"4144.15012",vodafone,UMTS,9.2073,45.4729
"4146.15014",vodafone,UMTS,9.1679,45.4787
"4147.15011",vodafone,UMTS,9.1980,45.4616
"4157.15011",vodafone,UMTS,9.1885,45.4604
"4167.15011",vodafone,UMTS,9.1885,45.4604
"1695.15001",vodafone,UMTS,9.1265,45.5377
"1695.15006",vodafone,UMTS,9.1273,45.5384
"4187.15011",vodafone,UMTS,9.1926,45.4644
"4190.15014",vodafone,UMTS,9.1962,45.4896
"4191.15011",vodafone,UMTS,9.1823,45.4684
"4193.15005",vodafone,UMTS,9.1596,45.5129
"4196.15012",vodafone,UMTS,9.2266,45.4768
"4197.15012",vodafone,UMTS,9.2129,45.4824
"4197.15014",vodafone,UMTS,9.2123,45.4824
"4198.15001",vodafone,UMTS,9.1505,45.4832
"4198.15012",vodafone,UMTS,9.2337,45.4880
"4202.15011",vodafone,UMTS,9.1737,45.4557
"4207.15071",vodafone,UMTS,9.1425,45.4480
"4207.15001",vodafone,UMTS,9.1447,45.4495
"4210.15001",vodafone,UMTS,9.0874,45.5216
"4227.15014",vodafone,UMTS,9.1964,45.4864
"4231.15014",vodafone,UMTS,9.1837,45.4950
"4244.15014",vodafone,UMTS,9.1914,45.4836
"4249.15001",vodafone,UMTS,9.1004,45.4678
"4259.15014",vodafone,UMTS,9.1829,45.4963
"4260.15071",vodafone,UMTS,9.0873,45.4829
"4262.15014",vodafone,UMTS,9.2009,45.4807
"4266.15011",vodafone,UMTS,9.1651,45.4579
"4268.15013",vodafone,UMTS,9.1956,45.4975
"4268.15014",vodafone,UMTS,9.1913,45.4957
"4272.15012",vodafone,UMTS,9.2300,45.4594
"6239.15013",vodafone,UMTS,9.2521,45.4783
"4280.15001",vodafone,UMTS,9.0452,45.5110
"4280.15071",vodafone,UMTS,9.0477,45.4983
"4285.15013",vodafone,UMTS,9.1969,45.4998
"4285.15014",vodafone,UMTS,9.1904,45.5005
"4286.15006",vodafone,UMTS,9.2158,45.5336
"4286.15013",vodafone,UMTS,9.2136,45.5289
"4294.15011",vodafone,UMTS,9.1982,45.4598
"4298.15011",vodafone,UMTS,9.1702,45.4702
"4299.15011",vodafone,UMTS,9.1908,45.4615
"4309.15014",vodafone,UMTS,9.1803,45.4791
"4310.15011",vodafone,UMTS,9.1626,45.4607
"4310.15001",vodafone,UMTS,9.1579,45.4589
"1741.15001",vodafone,UMTS,9.1273,45.4811
"4327.15011",vodafone,UMTS,9.1946,45.4756
"4328.15011",vodafone,UMTS,9.2059,45.4682
"4328.15012",vodafone,UMTS,9.2061,45.4669
"4331.15013",vodafone,UMTS,9.2136,45.5158
"1756.15011",vodafone,UMTS,9.1994,45.4687
"4338.15001",vodafone,UMTS,9.2278,45.4776
"4344.15011",vodafone,UMTS,9.1756,45.4680
"1787.15014",vodafone,UMTS,9.1922,45.4886
"4359.15006",vodafone,UMTS,9.1807,45.5092
"4363.15001",vodafone,UMTS,9.1367,45.4626
"4406.15011",vodafone,UMTS,9.1901,45.4655
"1815.15001",vodafone,UMTS,9.1388,45.5245
"4419.15011",vodafone,UMTS,9.1901,45.4654
"4438.15011",vodafone,UMTS,9.1765,45.4680
"4443.15011",vodafone,UMTS,9.2149,45.4843
"4454.15014",vodafone,UMTS,9.1592,45.4614
"4454.15001",vodafone,UMTS,9.1575,45.4612
"4458.15001",vodafone,UMTS,9.1375,45.4801
"4462.15071",vodafone,UMTS,9.1228,45.4475
"5568.15001",vodafone,UMTS,9.1495,45.4651
"4487.15011",vodafone,UMTS,9.2004,45.4672
"4503.15072",vodafone,UMTS,9.0432,45.5396
"1850.15006",vodafone,UMTS,9.1759,45.5194
"1857.15014",vodafone,UMTS,9.1736,45.4813
"4533.15013",vodafone,UMTS,9.2721,45.4269
"4534.15013",vodafone,UMTS,9.2520,45.4196
"4534.15012",vodafone,UMTS,9.2077,45.4331
"1859.15001",vodafone,UMTS,9.1367,45.4658
"4540.15013",vodafone,UMTS,9.2499,45.4065
"4541.15013",vodafone,UMTS,9.2505,45.4064
"1870.15001",vodafone,UMTS,9.0668,45.4974
"1874.15013",vodafone,UMTS,9.2186,45.5200
"1877.15013",vodafone,UMTS,9.2145,45.5210
"1877.15006",vodafone,UMTS,9.2142,45.5213
"1891.15071",vodafone,UMTS,9.2032,45.4219
"1892.15001",vodafone,UMTS,9.1532,45.4535
"1892.15011",vodafone,UMTS,9.1547,45.4527
"1901.15001",vodafone,UMTS,9.1310,45.4491
"1901.15071",vodafone,UMTS,9.1389,45.4474
"1903.15011",vodafone,UMTS,9.1715,45.4373
"1908.15071",vodafone,UMTS,9.0767,45.4618
"4583.15001",vodafone,UMTS,9.1025,45.5175
"4583.15006",vodafone,UMTS,9.1587,45.5097
"1915.15071",vodafone,UMTS,9.0879,45.4781
"1940.15011",vodafone,UMTS,9.1724,45.4726
"1961.15071",vodafone,UMTS,9.1221,45.4514
"5583.15071",vodafone,UMTS,9.0768,45.4663
"1976.15013",vodafone,UMTS,9.2284,45.5199
"1978.15001",vodafone,UMTS,9.1241,45.4806
"4629.15011",vodafone,UMTS,9.1729,45.4529
"1983.15011",vodafone,UMTS,9.1781,45.4376
"1985.15012",vodafone,UMTS,9.2022,45.4306
"5589.15014",vodafone,UMTS,9.1842,45.4854
"1996.15001",vodafone,UMTS,9.1489,45.4644
"465.15011",vodafone,UMTS,9.1874,45.4485
"5597.15001",vodafone,UMTS,9.1505,45.4740
"5602.15001",vodafone,UMTS,9.0781,45.5392
"5603.15013",vodafone,UMTS,9.2143,45.5211
"4684.15011",vodafone,UMTS,9.1614,45.4327
"5892.15001",vodafone,UMTS,9.2673,45.4227
"5653.15071",vodafone,UMTS,9.1040,45.4296
"5655.15011",vodafone,UMTS,9.1667,45.4708
"4816.15011",vodafone,UMTS,9.1636,45.4555
"201.15011",vodafone,UMTS,9.1687,45.4781
"201.15001",vodafone,UMTS,9.1660,45.4768
"2010.15006",vodafone,UMTS,9.1879,45.5292
"4823.15011",vodafone,UMTS,9.1949,45.4725
"4824.15001",vodafone,UMTS,9.1428,45.4737
"4826.15001",vodafone,UMTS,9.1562,45.4595
"4826.15011",vodafone,UMTS,9.1581,45.4588
"5665.15006",vodafone,UMTS,9.2339,45.5274
"5665.15013",vodafone,UMTS,9.2296,45.5266
"2017.15011",vodafone,UMTS,9.1629,45.4649
"2017.15001",vodafone,UMTS,9.1596,45.4666
"4829.15001",vodafone,UMTS,9.1512,45.4517
"2017.15014",vodafone,UMTS,9.1590,45.4661
"5669.15006",vodafone,UMTS,9.2337,45.5324
"2044.15011",vodafone,UMTS,9.1971,45.4668
"4846.15001",vodafone,UMTS,9.1407,45.4517
"4850.15001",vodafone,UMTS,9.1533,45.4668
"2054.15006",vodafone,UMTS,9.1785,45.5310
"5672.15001",vodafone,UMTS,9.1145,45.5329
"5672.15006",vodafone,UMTS,9.1209,45.5343
"4856.15011",vodafone,UMTS,9.1602,45.4461
"2069.15071",vodafone,UMTS,9.1470,45.4079
"4860.15001",vodafone,UMTS,9.1471,45.4557
"2090.15012",vodafone,UMTS,9.2368,45.4855
"4870.15011",vodafone,UMTS,9.1711,45.4659
"5896.15071",vodafone,UMTS,9.1356,45.4033
"5164.15006",vodafone,UMTS,9.1435,45.5269
"5164.15001",vodafone,UMTS,9.1350,45.5237
"5678.15014",vodafone,UMTS,9.1682,45.4758
"5678.15001",vodafone,UMTS,9.1679,45.4787
"2107.15013",vodafone,UMTS,9.2386,45.4332
"4872.15011",vodafone,UMTS,9.1718,45.4604
"211.15001",vodafone,UMTS,9.1637,45.4817
"211.15014",vodafone,UMTS,9.1637,45.4817
"2114.15013",vodafone,UMTS,9.2422,45.4259
"5680.15011",vodafone,UMTS,9.1772,45.4513
"4888.15011",vodafone,UMTS,9.1662,45.4671
"5682.15011",vodafone,UMTS,9.1799,45.4531
"4891.15011",vodafone,UMTS,9.1876,45.4649
"5684.15014",vodafone,UMTS,9.2009,45.4898
"6243.15014",vodafone,UMTS,9.1538,45.4860
"6245.15012",vodafone,UMTS,9.2112,45.4466
"2175.15012",vodafone,UMTS,9.2208,45.4617
"4917.15011",vodafone,UMTS,9.1729,45.4455
"6190.15014",vodafone,UMTS,9.1629,45.4823
"2238.15001",vodafone,UMTS,9.0607,45.5246
"2238.15072",vodafone,UMTS,9.0592,45.5196
"2241.15011",vodafone,UMTS,9.2066,45.4762
"2242.15014",vodafone,UMTS,9.1847,45.4845
"2246.15001",vodafone,UMTS,9.1437,45.4572
"2246.15011",vodafone,UMTS,9.1922,45.4705
"2257.15001",vodafone,UMTS,9.0977,45.5241
"5686.15011",vodafone,UMTS,9.1826,45.4533
"4935.15071",vodafone,UMTS,9.0757,45.4502
"4936.15011",vodafone,UMTS,9.1828,45.4571
"4937.15011",vodafone,UMTS,9.1683,45.4592
"4938.15071",vodafone,UMTS,9.0815,45.4177
"4939.15012",vodafone,UMTS,9.2172,45.4608
"2281.15011",vodafone,UMTS,9.1885,45.4604
"5691.15014",vodafone,UMTS,9.2078,45.4803
"6375.15012",vodafone,UMTS,9.2374,45.4828
"2274.15011",vodafone,UMTS,9.2167,45.4908
"2274.15014",vodafone,UMTS,9.1864,45.4840
"5692.15013",vodafone,UMTS,9.2182,45.4967
"5693.15012",vodafone,UMTS,9.2178,45.4939
"5693.15013",vodafone,UMTS,9.2114,45.5043
"2282.15071",vodafone,UMTS,9.1014,45.4122
"5693.15006",vodafone,UMTS,9.2165,45.5339
"5693.15014",vodafone,UMTS,9.2133,45.4968
"5697.15012",vodafone,UMTS,9.1977,45.4510
"2293.15014",vodafone,UMTS,9.2104,45.4920
"2294.15012",vodafone,UMTS,9.2113,45.4845
"2294.15014",vodafone,UMTS,9.2070,45.4866
"5698.15001",vodafone,UMTS,9.1315,45.4944
"6198.15013",vodafone,UMTS,9.2275,45.4954
"6198.15012",vodafone,UMTS,9.2299,45.4930
"5705.15001",vodafone,UMTS,9.1215,45.4855
"4946.15012",vodafone,UMTS,9.2207,45.4468
"4946.15013",vodafone,UMTS,9.2206,45.4462
"4947.15012",vodafone,UMTS,9.2268,45.4765
"4950.15012",vodafone,UMTS,9.1983,45.4454
"4958.15014",vodafone,UMTS,9.2105,45.4834
"4959.15012",vodafone,UMTS,9.2384,45.4811
"4959.15013",vodafone,UMTS,9.2383,45.4738
"2375.15014",vodafone,UMTS,9.1896,45.4838
"2378.15013",vodafone,UMTS,9.2125,45.5179
"2378.15006",vodafone,UMTS,9.2284,45.5236
"2402.15001",vodafone,UMTS,9.1063,45.5317
"2402.15006",vodafone,UMTS,9.1019,45.5403
"6247.15012",vodafone,UMTS,9.2243,45.4562
"5717.15001",vodafone,UMTS,9.0644,45.5224
"5717.15072",vodafone,UMTS,9.0639,45.5126
"4968.15011",vodafone,UMTS,9.1641,45.4447
"6249.15014",vodafone,UMTS,9.2097,45.4790
"4971.15012",vodafone,UMTS,9.2154,45.4828
"4972.15012",vodafone,UMTS,9.2415,45.4716
"4972.15013",vodafone,UMTS,9.2434,45.4696
"4973.15011",vodafone,UMTS,9.1964,45.4524
"4975.15011",vodafone,UMTS,9.1876,45.4471
"4976.15012",vodafone,UMTS,9.2146,45.4409
"4977.15013",vodafone,UMTS,9.2390,45.5024
"4979.15011",vodafone,UMTS,9.1922,45.4613
"249.15011",vodafone,UMTS,9.1758,45.4678
"249.15071",vodafone,UMTS,9.1219,45.4557
"2506.15011",vodafone,UMTS,9.1822,45.4652
"251.15014",vodafone,UMTS,9.1567,45.4690
"251.15001",vodafone,UMTS,9.1534,45.4719
"251.15011",vodafone,UMTS,9.1606,45.4679
"2510.15012",vodafone,UMTS,9.2354,45.4566
"5008.15014",vodafone,UMTS,9.1594,45.4876
"6260.15001",vodafone,UMTS,9.1323,45.4453
"6260.15071",vodafone,UMTS,9.1305,45.4500
"2528.15001",vodafone,UMTS,9.0912,45.5236
"2531.15071",vodafone,UMTS,9.1152,45.4441
"2551.15071",vodafone,UMTS,9.1457,45.4483
"2554.15001",vodafone,UMTS,9.1201,45.5364
"2613.15014",vodafone,UMTS,9.1874,45.4803
"2631.15001",vodafone,UMTS,9.1165,45.5182
"6227.15012",vodafone,UMTS,9.2156,45.4543
"5761.15071",vodafone,UMTS,9.0406,45.5105
"5746.15006",vodafone,UMTS,9.1438,45.5271
"5746.15001",vodafone,UMTS,9.1379,45.5243
"2699.15014",vodafone,UMTS,9.1964,45.4772
"5749.15006",vodafone,UMTS,9.1018,45.5401
"5750.15001",vodafone,UMTS,9.0783,45.5383
"5752.15001",vodafone,UMTS,9.1032,45.5250
"5105.15072",vodafone,UMTS,9.0402,45.5206
"5752.15006",vodafone,UMTS,9.1065,45.5321
"5118.15071",vodafone,UMTS,9.1231,45.4461
"6109.15014",vodafone,UMTS,9.1641,45.4805
"6109.15011",vodafone,UMTS,9.1644,45.4743
"2701.15012",vodafone,UMTS,9.2011,45.4399
"2701.15013",vodafone,UMTS,9.2074,45.4331
"5127.15011",vodafone,UMTS,9.1670,45.4568
"6111.15071",vodafone,UMTS,9.0892,45.4329
"2709.15011",vodafone,UMTS,9.1764,45.4520
"5757.15001",vodafone,UMTS,9.0599,45.5339
"2742.15001",vodafone,UMTS,9.1297,45.5078
"5144.15006",vodafone,UMTS,9.2451,45.5358
"2746.15011",vodafone,UMTS,9.1940,45.4713
"6165.15001",vodafone,UMTS,9.1167,45.5209
"5758.15072",vodafone,UMTS,9.0437,45.5289
"617.15011",vodafone,UMTS,9.2058,45.4596
"617.15012",vodafone,UMTS,9.2058,45.4602
"2783.15014",vodafone,UMTS,9.1674,45.4791
"2797.15005",vodafone,UMTS,9.1487,45.5091
"5175.15071",vodafone,UMTS,9.0743,45.4794
"2811.15001",vodafone,UMTS,9.0590,45.5253
"2811.15072",vodafone,UMTS,9.0590,45.5179
"5890.15016",vodafone,UMTS,9.2623,45.4297
"2823.15011",vodafone,UMTS,9.1869,45.4458
"2825.15011",vodafone,UMTS,9.1777,45.4679
"5957.15005",vodafone,UMTS,9.1709,45.5214
"2833.15006",vodafone,UMTS,9.1751,45.4968
"2833.15014",vodafone,UMTS,9.1807,45.4957
"2845.15071",vodafone,UMTS,9.1152,45.4456
"5198.15013",vodafone,UMTS,9.2428,45.5004
"6351.15001",vodafone,UMTS,9.1250,45.4462
"2849.15014",vodafone,UMTS,9.2044,45.4844
